:020000040800F2
:10000000F8240020F5010008414500083D420008A1
:100010003D450008A9050008D98D00080000000032
:10002000000000000000000000000000FD4C00087F
:100030002507000800000000BD4C0008114E000814
:100040000F0200080F0200080F0200080F0200084C
:100050000F0200080F0200080F0200080F0200083C
:100060000F0200080F0200080F0200080F0200082C
:100070000F0200080F020008C50600080F02000862
:100080000F0200080F0200080F0200080F0200080C
:10009000758C00080F0200080F0200080F0200080C
:1000A0000F020008B14E00080F0200080F020008FE
:1000B0000F0200080F0200080F0200080F020008DC
:1000C0000F0200080F0200080F0200080F020008CC
:1000D0000F020008AD5500080F0200080F020008CB
:1000E0000F0200080F0200080F02000800F002F8DB
:1000F00000F070F814A696E8000CB244B344DA4558
:1001000001D100F067F8BAE80F000FA696E83000BA
:10011000A5EB040504EB0607AAEB0704A7F101070A
:100120004FEA15154FEA3414A4F10104AC4201D38F
:1001300000F050F813F0010F18BFFB1A43F0010351
:1001400000F001F8DBE7184718950000389500002B
:100150000A444FF0000C10F8013B13F0070408BFED
:1001600010F8014B1D1108BF10F8015B641E05D08B
:1001700010F8016B641E01F8016BF9D113F0080F40
:100180001EBF10F8014BAD1C0C1B09D16D1E58BFD2
:1001900001F801CBFAD505E014F8016B01F8016B09
:1001A0006D1EF9D59142D6D370470000704700000C
:1001B0000023002400250026103A28BF78C1FBD870
:1001C000520728BF30C148BF0B6070471FB51FBD25
:1001D00010B510BD00F058F81146FFF7F7FF08F012
:1001E000C1FE00F076F803B4FFF7F2FF03BC00F0A5
:1001F0007DF800000948804709480047FEE7FEE710
:10020000FEE7FEE7FEE7FEE7FEE7FEE7FEE7FEE7C6
:1002100004480549054A064B70470000AD4E0008EA
:10022000ED000008F8140020F8240020F81C00203D
:10023000F81C00204FF0000200B513469446964685
:10024000203922BFA0E80C50A0E80C50B1F12001E9
:10025000BFF4F7AF090728BFA0E80C5048BF0CC097
:100260005DF804EB890028BF40F8042B08BF7047F5
:1002700048BF20F8022B11F0804F18BF00F8012B67
:100280007047704770477047754600F02BF8AE46D0
:1002900005006946534620F00700854618B020B592
:1002A000FFF7B6FFBDE820404FF000064FF0000713
:1002B0004FF000084FF0000BAC46ACE8C009ACE8CA
:1002C000C009ACE8C009ACE8C00921F007018D46BF
:1002D000704710B50446AFF300802046BDE81040DB
:1002E000FFF781BF00487047A00100200149182096
:1002F000ABBEFEE7260002007047000080B582B06A
:10030000002000F04BF800F01FF840F60040C4F267
:10031000010001220192114600F0D8FF019A40F637
:100320000000C4F201000090802100F0CFFF00988F
:10033000019A102100F0CAFF0098019A202100F0D4
:10034000C5FF02B080BD000080B584B040F600005B
:10035000C4F201000190402102910022039200F0BA
:10036000B5FF019802990122009200F0AFFF009AB8
:100370000198029900F0AAFF009A0198029900F0F2
:10038000A5FF009A0198029900F0A0FF0198029938
:10039000039A00F09BFF04B080BD000080B592B0CE
:1003A0008DF847009DF8470001461091062800F29D
:1003B000A1801099DFE801F0041A30465C728800D1
:1003C00040F60040C4F201000E90022100220F927C
:1003D00000F07CFF0E980F9A042100F077FF0E9832
:1003E0000F9A4FF4806100F071FF99E040F60040F1
:1003F000C4F201000D90022100220C9200F066FF71
:100400000C9A0D98042100F061FF0D984FF4806163
:10041000012200F05BFF83E040F60040C4F20100DF
:100420000A90022100220B9200F050FF0A9804214A
:10043000012200F04BFF0A980B9A4FF4806100F004
:1004400045FF6DE040F60040C4F201000890022133
:10045000002200F03BFF089804210122099200F0DD
:1004600035FF0898099A4FF4806100F02FFF57E09C
:1004700040F60040C4F2010006900221012200F083
:1004800025FF069804210022079200F01FFF06981E
:10049000079A4FF4806100F019FF41E040F60040F8
:1004A000C4F20100049002210122059200F00EFF27
:1004B00004980421002200F009FF0498059A4FF4E3
:1004C000806100F003FF2BE040F60040C4F2010021
:1004D000039002210122029200F0F8FE029A039892
:1004E000042100F0F3FE03984FF48061002200F035
:1004F000EDFE15E040F60040C4F20100009002213C
:100500000022019200F0E2FE0098019A042100F01E
:10051000DDFE0098019A4FF4806100F0D7FEFFE7FE
:1005200012B080BD80B586B040F60040C4F2010034
:100530000190012105910022029200F0C7FE01986E
:10054000029A059900F0C2FE0198029A059900F0FE
:10055000BDFE0198029A059900F0B8FE0198059A2F
:10056000114600F0B3FE029A40F60000C4F201000A
:1005700003908021049100F0A9FE029A0398049947
:1005800000F0A4FE029A0398049900F09FFE029ADC
:100590000398049900F09AFE03980499059A00F0D4
:1005A00095FE06B080BD0000FFE7FEE784B08DF841
:1005B0000F000291ADF806209DF80F000146009152
:1005C00023281DD80099DFE801F012131415161B1B
:1005D0001B1B1B1B1B1B1B1B1B1B1B1B1B1B1B1B6B
:1005E0001B1B1B1B1B1B1B1B1B1B1718191A08E0B3
:1005F00007E006E005E004E003E002E001E000E0DF
:10060000FFE7002004B070470020704780B582B03B
:1006100040F63860C2F20000009040F63421C2F289
:1006200000010022019205F0A3F9009840F2346124
:10063000C2F2000105F08EF9019802B080BD000001
:1006400080B584B003900291039940F63860C2F2FD
:100650000000019005F07EF9019805F035F90020C1
:1006600004B080BD80B586B00490ADF80E100020B7
:100670008DF80D0040F63860C2F20000D0F8B802E4
:1006800002900298D0F8140220B1FFE701208DF803
:10069000170013E00499BDF80E2040F63860C2F24E
:1006A0000000019005F064F9019805F027FA8DF833
:1006B0000D009DF80D008DF81700FFE79DF817005D
:1006C00006B080BD80B541F2FC00C2F2000000F02F
:1006D00031FA80BD84B00390029101920093039897
:1006E000C16B026C01209040486000980399096832
:1006F000486003984068102809D1FFE701980399E2
:1007000009688860029803990968C86008E002983F
:10071000039909688860019803990968C860FFE730
:1007200004B070477047000081B0EFF3108072B6DC
:100730000090FFE7FEE7000080B588B0FFF7F2FE0B
:10074000FFE740F60000C4F20100082100F0A6FD1A
:10075000012804D1FFE7012000F0EEFBF1E70120C2
:1007600008F0BAFB40F20020C2F20000019004F051
:10077000C7FA0198B0F9000008F058FE4FF0605138
:10078000029108F06BFE0021C4F22011039108F0E1
:1007900065FE40F27411C2F200010491096808F08C
:1007A0005DFE08F017FE40F60312C1F68A7205924C
:1007B0004EF66363C3F6BA73069308F021FC08F0A3
:1007C000EDFB0146019841F2A842C2F200020792F5
:1007D0001160B0F9020008F029FE029908F03EFE0F
:1007E000039908F03BFE0499496808F037FE08F0C9
:1007F000F1FD059A069B08F003FC08F0CFFB079A71
:10080000014601985160B0F9040008F00FFE02990A
:1008100008F024FE039908F021FE0499896808F085
:100820001DFE08F0D7FD059A069B08F0E9FB08F0CD
:10083000B5FB079A014601989160B0F9060008F0EF
:10084000F5FD029908F00AFE039908F007FE0499E5
:10085000C96808F003FE08F0BDFD059A069B08F084
:10086000CFFB08F09BFB079A01460198D160B0F9D5
:10087000080008F0DBFD029908F0F0FD039908F08C
:10088000EDFD0499096908F0E9FD08F0A3FD059A5A
:10089000069B08F0B5FB08F081FB079A014601981A
:1008A0001161B0F90A0008F0C1FD029908F0D6FD07
:1008B000039908F0D3FD0499496908F0CFFD08F0C9
:1008C00089FD059A069B08F09BFB08F067FB079AD9
:1008D000014601985161B0F90C0008F0A7FD02999A
:1008E00008F0BCFD039908F0B9FD0499896908F086
:1008F000B5FD08F06FFD059A069B08F081FB08F036
:100900004DFB079A014601989161B0F90E0008F07D
:100910008DFD029908F0A2FD039908F09FFD04994E
:10092000C96908F09BFD08F055FD059A069B08F083
:1009300067FB08F033FB0799C86108B080BD000071
:1009400080B584B04FF2E870C1F6FF700068039084
:100950004FF2EC70C1F6FF70006802904FF2F07039
:10096000C1F6FF7000680190019903980844039054
:10097000039888B1FFE7039840F25811C2F20001D2
:1009800000910231082203F05BFC009902981231B9
:10099000042203F055FCFFE704B080BD83B0019052
:1009A00000208DF80300019890F8210002280DD056
:1009B000FFE7019904208863FFE70199002081F88F
:1009C0002000FFE701208DF80B0021E0019801686D
:1009D000086820F00E00086001980168086820F09F
:1009E000010008600198C16B026C012090404860D2
:1009F000FFE70199012081F82100FFE7019900201C
:100A000081F82000FFE79DF803008DF80B00FFE759
:100A10009DF80B0003B0704780B588B007900020A8
:100A20008DF81B00079890F82100022807D0FFE7F7
:100A300007990420886301208DF81B0076E0079851
:100A40000168086820F00E000860079801680868CF
:100A500020F001000860079800680821C4F2020134
:100A6000884203D1FFE70120059047E0079800681E
:100A70001C21C4F20201884203D1FFE71020049038
:100A800039E0079800683021C4F20201884204D19D
:100A9000FFE74FF4807003902AE007980068442134
:100AA000C4F20201884204D1FFE74FF48050029063
:100AB0001BE0079800685821C4F20201884204D163
:100AC000FFE74FF4803001900CE0079801686C223A
:100AD000C4F202024FF08070914208BF4FF48010C0
:100AE0000190FFE701980290FFE702980390FFE76B
:100AF00003980490FFE704980590FFE70598042108
:100B0000C4F2020108600799012081F82100FFE783
:100B10000799002081F82000FFE70798406B20B17B
:100B2000FFE70798416B8847FFE7FFE79DF81B0049
:100B300008B080BD80B58EB00D900D98C06B006878
:100B40000C900D98006800680B900C980D99096C3A
:100B5000C8404007002875D5FFE79DF82C004007E6
:100B600000286FD5FFE70D98006800688006002810
:100B700007D4FFE70D980168086820F004000860BA
:100B8000FFE70D9800680821C4F20201884203D1F2
:100B9000FFE704200A9047E00D9800681C21C4F28A
:100BA0000201884203D1FFE74020099039E00D9807
:100BB00000683021C4F20201884204D1FFE74FF4FB
:100BC000806008902AE00D9800684421C4F2020178
:100BD000884204D1FFE74FF4804007901BE00D9856
:100BE00000685821C4F20201884204D1FFE74FF4A3
:100BF000802006900CE00D9801686C22C4F202027D
:100C00004FF08060914208BF4FF480000690FFE7EC
:100C100006980790FFE707980890FFE70898099063
:100C2000FFE709980A90FFE70A980421C4F202013D
:100C300008600D98C06A20B1FFE70D98C16A884727
:100C4000FFE7B8E00C980D99096CC84080070028B0
:100C500040F18080FFE79DF82C008007002879D5BF
:100C6000FFE70D9800680068800600280BD4FFE7B6
:100C70000D980168086820F00A0008600D990120AD
:100C800081F82100FFE70D9800680821C4F20201F5
:100C9000884203D1FFE70220059047E00D980068E5
:100CA0001C21C4F20201884203D1FFE720200490F6
:100CB00039E00D9800683021C4F20201884204D165
:100CC000FFE74FF4007003902AE00D98006844217C
:100CD000C4F20201884204D1FFE74FF400500290B1
:100CE0001BE00D9800685821C4F20201884204D12B
:100CF000FFE74FF4003001900CE00D9801686C2282
:100D0000C4F202024FF00070914208BF4FF400108D
:100D10000190FFE701980290FFE702980390FFE738
:100D200003980490FFE704980590FFE705980421D5
:100D3000C4F202010860FFE70D99002081F820004D
:100D4000FFE70D98806A20B1FFE70D98816A884718
:100D5000FFE72FE00C980D99096CC84000070028A8
:100D600027D5FFE79DF82C000007002821D5FFE7D5
:100D70000D980168086820F00E0008600D98C26B9D
:100D8000016C012000FA01F151600D9988630D9901
:100D900081F82100FFE70D99002081F82000FFE78E
:100DA0000D98006B20B1FFE70D98016B8847FFE7B6
:100DB000FFE7FFE7FFE70EB080BD000083B00190C2
:100DC00000200090019820B9FFE701208DF80B006A
:100DD00047E0019908684FF6F872CBF6FD721044AF
:100DE0004CF6CD42CCF6CC42A0FB02026FF00300E1
:100DF00000EA9200086401990020C4F20200C8636E
:100E00000199022081F82100019800680068009093
:100E1000009843F6F0718843009001994868D1F832
:100E200008C0CB680A6940EA0C00184310434A69BD
:100E300010438A691043C969014300980843009030
:100E40000098019909680860019900208863019A57
:100E5000012182F82110019981F820008DF80B0002
:100E6000FFE79DF80B0003B07047000080B586B027
:100E7000049003910292019300208DF80300FFE794
:100E8000049890F82000012804D1FFE702208DF893
:100E900017004CE00499012081F82000FFE7FFE7EC
:100EA000049890F82100012832D1FFE7049902202C
:100EB00081F821000499002088630498016808687B
:100EC00020F00100086004980399029A019BFFF743
:100ED00001FC0498C06A38B1FFE70498016808680B
:100EE00040F00E0008600CE004980168086820F0EB
:100EF0000400086004980168086840F00A0008606F
:100F0000FFE704980168086840F00100086009E004
:100F1000FFE70499002081F82000FFE702208DF808
:100F20000300FFE79DF803008DF81700FFE79DF829
:100F3000170006B080BD000080B584B0039000F0BB
:100F4000DDF90290039801900198013048B1FFE764
:100F500040F29410C2F20000017801980844019018
:100F6000FFE7FFE700F0CAF90299401A01998842A9
:100F700001D2FFE7F6E704B080BD000090B00F900B
:100F80000E9100200D900990FFE70E9800680D99D2
:100F9000C840002800F07F81FFE70D9901208840BC
:100FA0000C900E9800680C9908400B900B980C99C7
:100FB000884240F06C81FFE70E9840680590002859
:100FC00051D0FFE7059801283AD0FFE7059802289D
:100FD0003FD0FFE7059803285FD0FFE70598112869
:100FE00032D0FFE70598122838D0FFE70598002196
:100FF000C1F21101884236D0FFE705980021C1F205
:10100000120188422FD0FFE705980021C1F221018B
:10101000884228D0FFE705980021C1F222018842CA
:1010200021D0FFE705980021C1F2310188421AD092
:10103000FFE705980021C1F23201884213D02FE06A
:101040000E98C06809902CE00E98C0680430099092
:1010500027E00E98C0680830099022E00E98C0681A
:101060000C3009901DE00E98806818B9FFE7042045
:10107000099011E00E988068012806D1FFE708204A
:1010800009900C980F99086105E0082009900C98C8
:101090000F994861FFE7FFE703E00020099000E0B7
:1010A000FFE70B98FF2803D8FFE70F98049003E0B1
:1010B0000F9804300490FFE7049808900B98FF28DD
:1010C00004D8FFE70D988000039006E00D996FF0BB
:1010D0001F0000EB81000390FFE70398079008983A
:1010E0000068079A0F21914088430999914008436D
:1010F000089908600E98C079C006002840F1C680A3
:10110000FFE7FFE741F21800C4F20200016841F076
:1011100001010160006800F0010006900698FFE7F9
:101120000D9820F003000821C4F2010140580A90F4
:101130000D9800F0030081000F2000FA01F10A98D9
:1011400088430A900F9840F60001C4F201018842DA
:1011500003D1FFE70020029026E00F9840F60041FF
:10116000C4F20101884203D1FFE70120019018E099
:101170000F9841F20001C4F20101884203D1FFE758
:10118000022000900AE00F9941F20042C4F20102ED
:101190000420914208BF03200090FFE700980190CF
:1011A000FFE701980290FFE702980D9901F0030113
:1011B000890000FA01F10A9808430A900A980D99EB
:1011C00021F003010822C4F2010288500E988079B0
:1011D000C006002809D5FFE70B9A40F20841C4F287
:1011E000010108681043086008E00B9A40F20841CA
:1011F000C4F20101086890430860FFE70E98807907
:101200008006002809D5FFE70B9A40F20C41C4F292
:10121000010108681043086008E00B9A40F20C4195
:10122000C4F20101086890430860FFE70E988079D6
:101230008007002809D5FFE70B9A40F20441C4F269
:10124000010108681043086008E00B9A40F204416D
:10125000C4F20101086890430860FFE70E988079A6
:10126000C00748B1FFE70B9A40F20041C4F2010108
:1012700008681043086008E00B9A40F20041C4F28D
:101280000101086890430860FFE7FFE7FFE70D985A
:1012900001300D9079E610B07047000082B00190E7
:1012A000ADF8021001988068BDF80210084204D021
:1012B000FFE701208DF8010003E000208DF8010018
:1012C000FFE79DF8010002B07047000082B0019076
:1012D000ADF802108DF801209DF8010028B1FFE75C
:1012E000BDF802000199086105E0BDF802000004A4
:1012F00001990861FFE702B07047000041F2F04039
:10130000C2F200000068704740F29410C2F2000080
:10131000027841F2F041C2F200010868104408600E
:101320007047000080B542F20001C4F20201086873
:1013300040F010000860032000F096F80F2000F045
:1013400005F800F03BF8002080BD000080B582B0B9
:10135000009040F21C00C2F20000006840F29411BC
:10136000C2F200010A784FF47A71B1FBF2F1B0FBDE
:10137000F1F002F053F820B1FFE701208DF80700EB
:1013800018E000980F280DD8FFE700994FF0FF30C4
:10139000002200F04FF8009840F29811C2F20001CC
:1013A000086003E001208DF8070003E000208DF8BD
:1013B0000700FFE79DF8070002B080BD83B0FFE79C
:1013C00041F21800C4F20200016841F0010101601D
:1013D000006800F0010002900298FFE7FFE741F289
:1013E0001C00C4F20200016841F0805101600068F5
:1013F00000F0805001900198FFE7FFE70421C4F25C
:10140000010108680090009820F0E06000900098CA
:1014100040F00070009000980860FFE703B070474C
:1014200080B582B08DF807009DF9070007F0D6FC63
:1014300002B080BD80B586B08DF81700049103928C
:101440000020029007F0E2FC02909DF91700019045
:1014500002980499039A03F075F80146019807F081
:10146000DDFC06B080BD000080B582B0019001981F
:1014700007F0F6FC02B080BD84B00390ADF80A100E
:10148000ADF808200193BDF80A00000600280CD52D
:10149000FFE70398BDF80A1001F0070101EB810195
:1014A00000EBC100103000900AE00398BDF80A106C
:1014B00001EB810100EBC10000F5A8700090FFE78F
:1014C000BDF8080038B9FFE70099002008730198BB
:1014D0000099C8800AE000990120087301980099DA
:1014E0000881BDF8060000994881FFE7002004B09C
:1014F0007047000082B001908DF803109DF8030042
:10150000012801D1FFE700E0FFE702B070470000CB
:1015100080B582B001908DF80310019AD2F8D40200
:101520009DF8031001EB810302EBC302526A04F041
:1015300057FF02B080BD000080B582B001908DF8E9
:101540000310019AD2F8D4029DF8031001EB810335
:1015500002EBC302D2F8642104F0F4FF02B080BDB4
:1015600080B584B002908DF807109DF80700000642
:1015700000280FD5FFE702989DF8071001F007013A
:1015800001EB810100EBC1001030009000990120B7
:1015900048700FE002989DF8071001F0070101EB79
:1015A000810100EBC10000F5A870009000990020B7
:1015B0004870FFE79DF8070000F0070000990870E9
:1015C000FFE7029890F89002012804D1FFE702207B
:1015D0008DF80F0014E00299012081F89002FFE7D6
:1015E000FFE702980068009906F050F9FFE70299BA
:1015F000002081F89002FFE700208DF80F00FFE740
:101600009DF80F0004B080BD80B584B002908DF8C5
:1016100007109DF8070000F00F0002990979884231
:1016200004D9FFE701208DF80F004DE09DF8070079
:10163000000600280FD5FFE702989DF8071001F07B
:10164000070101EB810100EBC1001030009000990F
:10165000012048700FE002989DF8071001F0070183
:1016600001EB810100EBC10000F5A870009000992A
:1016700000204870FFE70099002088709DF807005F
:1016800000F0070000990870FFE7029890F89002B8
:10169000012804D1FFE702208DF80F0014E0029921
:1016A000012081F89002FFE7FFE7029800680099A7
:1016B00006F0DCFAFFE70299002081F89002FFE7CC
:1016C00000208DF80F00FFE79DF80F0004B080BDEB
:1016D00080B586B005900491ADF80E20BDF80E00DF
:1016E0004004002877D5FFE705980068B0F850005F
:1016F0000499097800EBC1010598006800EB4100EE
:10170000B0F804046FF39F20ADF80C0004988069D2
:10171000BDF80C10884207D3FFE7BDF80C200499F0
:101720008869801A886103E0049900208861FFE7D6
:1017300004988069F8B9FFE7FFE705980068049905
:10174000097830F821004BF68F710840ADF80A0097
:10175000BDF80A0080F40050ADF80A00BDF80A0098
:1017600048F28001084305990968049A127821F823
:101770002200FFE7FFE7BDF80E00400600281BD55A
:10178000FFE7FFE7FFE7059800680499097830F85C
:10179000210048F68F710840ADF80800BDF8080038
:1017A00048F2C001084305990968049A127821F8A3
:1017B0002200FFE7FFE7FFE7BDF80C0050B1FFE7AD
:1017C00005980068049A51691289BDF80C3007F039
:1017D00063FAFFE776E005980068B0F850000499D6
:1017E000097800EBC1010598006800EB4100B0F8F2
:1017F0000C046FF39F20ADF80C0004988069BDF8CD
:101800000C10884207D3FFE7BDF80C2004998869C3
:10181000801A886103E0049900208861FFE704983A
:101820008069F8B9FFE7FFE705980068049909782F
:1018300030F821004BF68F710840ADF80600BDF876
:10184000060080F40050ADF80600BDF8060048F22E
:101850008001084305990968049A127821F822004A
:10186000FFE7FFE7BDF80E00400600281BD4FFE7A6
:10187000FFE7FFE7059800680499097830F8210030
:1018800048F68F710840ADF80400BDF8040048F236
:10189000C001084305990968049A127821F82200CA
:1018A000FFE7FFE7FFE7BDF80C0050B1FFE7059841
:1018B0000068049A51695289BDF80C3007F0ECF9C0
:1018C000FFE7FFE7BDF80C0006B080BD80B5A6B00D
:1018D00025902491ADF88E20BDF88E00400600289A
:1018E00040F1BB81FFE725980068B0F850002499CB
:1018F000097800EBC1012598006800EB4100B0F8C1
:1019000004046FF39F20ADF8860024988069BDF829
:101910008610884207D9FFE7BDF886202499886998
:10192000801A886103E0249900208861FFE72498E9
:101930008069002840F0B080FFE7FFE724984078F6
:1019400008BBFFE7FFE7259800682090259800680E
:10195000B0F85010209808442090209824990978D5
:1019600000EB011000F204401F90FFE71F99088868
:101970006FF39F2008801F99088840F4004008807A
:10198000FFE7FFE71DE024984078012818D1FFE722
:10199000FFE7259800681D9025980068B0F8501062
:1019A0001D9808441D901D982499097800EB01109A
:1019B00000F204401C901C9900200880FFE7FFE71C
:1019C000FFE7FFE7FFE7259800681B902498407821
:1019D00008BBFFE7FFE72598006819902598006885
:1019E000B0F850101998084419901998249909785A
:1019F00000EB011000F20C401890FFE718990888DE
:101A00006FF39F2008801899088840F400400880F0
:101A1000FFE7FFE718E024984078012813D1FFE79B
:101A200025980068B0F850101B9808441B901B982C
:101A30002499097800EB011000F20C401A901A99D1
:101A400000200880FFE7FFE7FFE725982499097841
:101A5000FFF75EFDBDF88E00400400281BD5FFE7B0
:101A6000FFE7FFE7259800682499097830F82100FE
:101A700048F68F710840ADF85A00BDF85A004CF294
:101A80008001084325990968249A127821F82200D8
:101A9000FFE7FFE7FFE7DFE0BDF88E004004002826
:101AA0001BD5FFE7FFE7FFE7259800682499097831
:101AB00030F8210048F68F710840ADF85800BDF8A5
:101AC00058004CF28001084325990968249A12783D
:101AD00021F82200FFE7FFE7FFE7249890F82400B1
:101AE000012840F0B880FFE7BDF8862024994869B6
:101AF00010444861BDF886202499C8691044C86123
:101B000024980169006A884209D3FFE72498006994
:101B10002290229A2499086A801A086216E0249872
:101B2000006A40B9FFE7BDF88600229024990020A2
:101B300081F8240009E02499002081F824002499E8
:101B4000096A229124990862FFE7FFE7FFE72498DA
:101B50004078002856D1FFE7FFE7259800681590E8
:101B600025980068B0F850101598084415901598FD
:101B70002499097800EB011000F204401490FFE76B
:101B8000149908886FF39F20088022983F2817D364
:101B9000FFE7FFE72298400913909DF88800C006F0
:101BA00020B9FFE7139801381390FFE7139A1499AF
:101BB000088840EA822040F400400880FFE71EE0E9
:101BC000229830B9FFE71499088840F40040088053
:101BD00014E0FFE72298400813909DF88800C007A2
:101BE00020B1FFE7139801301390FFE7139A14997F
:101BF000088840EA82200880FFE7FFE7FFE7FFE769
:101C0000FFE71DE024984078012818D1FFE7FFE79F
:101C100025980068129025980068B0F85010129826
:101C20000844129012982499097800EB011000F2F0
:101C300004401190229811990880FFE7FFE7FFE721
:101C4000FFE725980068249A51691289BDF8883009
:101C500007F080F8FFE7FFE7B7E125980068B0F8E4
:101C600050002499097800EBC1012598006800EB29
:101C70004100B0F80C046FF39F20ADF88600249863
:101C80008069BDF88610884207D3FFE7BDF886203B
:101C900024998869801A886103E02499002088616A
:101CA000FFE724988069002840F0B080FFE7FFE755
:101CB0002498407808BBFFE7FFE72598006810905C
:101CC00025980068B0F850101098084410901098AB
:101CD0002499097800EB011000F204400F90FFE70F
:101CE0000F9908886FF39F2008800F99088840F4A7
:101CF00000400880FFE7FFE71DE0249840780128B6
:101D000018D1FFE7FFE7259800680D902598006837
:101D1000B0F850100D9808440D900D98249909784A
:101D200000EB011000F204400C900C990020088098
:101D3000FFE7FFE7FFE7FFE7FFE7259800680B9065
:101D40002498407808BBFFE7FFE7259800680990D2
:101D500025980068B0F8501009980844099009982F
:101D60002499097800EB011000F20C400890FFE77D
:101D7000089908886FF39F2008800899088840F424
:101D800000400880FFE7FFE718E02498407801282A
:101D900013D1FFE725980068B0F850100B9808445D
:101DA0000B900B982499097800EB011000F20C407D
:101DB0000A900A9900200880FFE7FFE7FFE72598CF
:101DC00024990978FFF7A4FBBDF88E004004002891
:101DD0001BD4FFE7FFE7FFE72598006824990978FF
:101DE00030F8210048F68F710840ADF81A00BDF8B0
:101DF0001A004CF28001084325990968249A127848
:101E000021F82200FFE7FFE7FFE7DDE0BDF88E00E5
:101E1000400400281BD4FFE7FFE7FFE72598006890
:101E20002499097830F8210048F68F710840ADF800
:101E30001800BDF818004CF2800108432599096884
:101E4000249A127821F82200FFE7FFE7FFE72498A1
:101E500090F82400012840F0B680FFE7BDF8862006
:101E60002499486910444861BDF886202499C869BE
:101E70001044C86124980169006A884209D3FFE7C9
:101E8000249800692290229A2499086A801A08628C
:101E900016E02498006A40B9FFE7BDF8860022905A
:101EA0002499002081F8240009E02498006A2290F7
:101EB000249900200862249981F82400FFE7FFE7B5
:101EC000FFE725980068059024984078002856D1AF
:101ED000FFE7FFE725980068039025980068B0F8B1
:101EE000501003980844039003982499097800EB54
:101EF000011000F20C400290FFE7029908886FF38E
:101F00009F20088022983F2817D3FFE7FFE72298F9
:101F1000400901909DF88800C00620B9FFE70198AC
:101F200001380190FFE7019A0299088840EA82206F
:101F300040F400400880FFE71EE0229830B9FFE738
:101F40000299088840F40040088014E0FFE72298D6
:101F5000400801909DF88800C00720B1FFE7019874
:101F600001300190FFE7019A0299088840EA822037
:101F70000880FFE7FFE7FFE7FFE7FFE718E02498A7
:101F80004078012813D1FFE725980068B0F8501079
:101F900005980844059005982499097800EB0110EC
:101FA00000F20C400490229804990880FFE7FFE7B4
:101FB000FFE725980068249A51695289BDF8883056
:101FC00006F0C8FEFFE7FFE7FFE7FFE72598006898
:101FD0002499097830F8210048F6BF710840ADF81F
:101FE0000200BDF8020080F01000ADF80200BDF85C
:101FF000020080F02000ADF80200BDF8020048F2B7
:102000008001084325990968249A127821F8220052
:10201000FFE7002026B080BD82B001908DF803104C
:1020200001989DF8031001F0070101EB810100EB1D
:10203000C100D0F86C0102B07047000080B586B0D6
:1020400004908DF80F10ADF80C208DF80B300020A7
:102050008DF80A009DF80F00000600280FD5FFE755
:1020600004989DF80F1001F0070101EB810100EBCE
:10207000C100103001900199012048700FE00498D0
:102080009DF80F1001F0070101EB810100EBC10089
:1020900000F5A8700190019900204870FFE79DF8B5
:1020A0000F0000F0070001990870BDF80C000199BD
:1020B00008619DF80B000199C8709DF80B0002287B
:1020C00004D1FFE7019900200871FFE7FFE70498BA
:1020D00090F89002012804D1FFE702208DF8170044
:1020E00015E00499012081F89002FFE7FFE70498CA
:1020F0000068019905F06EF8FFE70499002081F867
:102100009002FFE79DF80A008DF81700FFE79DF8A1
:10211000170006B080BD000080B586B005908DF830
:1021200013100392029305989DF8131001F0070114
:1021300001EB810100EBC10000F5A870019003984C
:1021400001994861029801998861019900200090E5
:10215000C861019948709DF8130000F007000199CB
:10216000087005980068019905F068FE009806B0AF
:1021700080BD000080B584B002908DF807109DF8F6
:10218000070000F0070002990979884204D9FFE7A7
:1021900001208DF80F0057E09DF807000006002889
:1021A0000FD5FFE702989DF8071001F0070101EB3A
:1021B000810100EBC10010300090009901204870AF
:1021C0000DE002989DF8071001EB810100EBC100C2
:1021D00000F5A8700090009900204870FFE7009972
:1021E000012088709DF8070000F007000099087032
:1021F000FFE7029890F89002012804D1FFE702203F
:102200008DF80F0020E00299012081F89002FFE78D
:10221000FFE702980068009905F0CCFD9DF80700E3
:10222000400738B9FFE70299086801F5267105F003
:1022300017FDFFE7FFE70299002081F89002FFE712
:1022400000208DF80F00FFE79DF80F0004B080BD5F
:1022500080B586B005908DF813100392029305980F
:102260009DF8131001F0070101EB810100EBC100A3
:102270001030019003980199486102980199886192
:102280000199012081F824000299019A1162019AB2
:1022900000210091D161019948709DF8130000F070
:1022A00007000199087005980068019905F0C6FDBE
:1022B000009806B080BD000080B588B007900798F0
:1022C000006806F0DFFC06909DF819000006002863
:1022D00004D5FFE7079802F06BF9EDE09DF81900CF
:1022E0004007002810D5FFE707980168B1F84400BF
:1022F00020F48060A1F84400079800F009FA0798DC
:10230000002100F035FAD7E09DF8190040060028BA
:1023100009D5FFE707980168B1F8440020F4804030
:10232000A1F84400C8E09DF819008006002809D5EE
:10233000FFE707980168B1F8440020F40050A1F8C5
:102340004400B9E09DF81900C00600281CD5FFE73D
:1023500007980168B1F8400020F00400A1F840009F
:1023600007980168B1F8400020F00800A1F840008B
:10237000079800F0E9F907980168B1F8440020F4E3
:102380008050A1F8440097E09DF81900000700284C
:1023900072D5FFE700208DF80700FFE79DF80700E2
:1023A000072812D8FFE7079800689DF8071030F853
:1023B00021009DF8072002A921F81200FFE79DF8EF
:1023C000070001308DF80700E8E707980168B1F8C9
:1023D000400040F00100A1F8400007980168B1F802
:1023E000400020F00100A1F84000FFE707980068D6
:1023F000B0F844004005002801D4FFE7F6E707984D
:102400000168B1F8440020F48060A1F84400002085
:102410008DF80700FFE79DF80700072810D8FFE7B1
:102420009DF8072002A830F812000799096821F8E2
:102430002200FFE79DF8070001308DF80700EAE76A
:1024400007980168B1F8400040F00800A1F840008A
:1024500007980168B1F8440020F40060A1F8440036
:1024600007980168B1F8400040F00400A1F840006E
:10247000079800F0E5F91FE09DF819008007002893
:102480000CD5FFE707980168B1F8440020F400700C
:10249000A1F84400079800F061F90DE09DF81900DB
:1024A000C00748B1FFE707980168B1F8440020F47D
:1024B0008070A1F84400FFE708B080BD80B58AB005
:1024C0000890089820B9FFE701208DF82700F3E075
:1024D000089890F8910240B9FFE70899002081F828
:1024E0009002089800F0ECF8FFE70899032081F8C3
:1024F00091020899002048710898006805F0A0FB37
:10250000089A1068117B8DF818105168926805922E
:1025100004910499059A069B05F0A8F940B1FFE7DC
:102520000899022081F8910201208DF82700C3E06C
:1025300008980068002106F0F5FB40B1FFE7089914
:10254000022081F8910201208DF82700B4E00020DC
:102550008DF81F00FFE79DF81F0008990979884250
:1025600039DAFFE708989DF81F1001EB810100EBB5
:10257000C101012048749DF81F00089900EB8002FA
:1025800001EBC201087408989DF81F1001EB81014E
:1025900000EBC1010020C87408999DF81F2002EBD0
:1025A000820201EBC201086208999DF81F2002EB2C
:1025B000820201EBC201486208999DF81F2002EBDC
:1025C000820201EBC2018862FFE79DF81F00013023
:1025D0008DF81F00BFE700208DF81F00FFE79DF872
:1025E0001F000899097988423EDAFFE708989DF8AC
:1025F0001F1001EB810100EBC101002081F85101A6
:102600009DF81F10089A01EB810302EBC30282F8C8
:10261000501108999DF81F2002EB820201EBC201C4
:1026200081F8530108999DF81F2002EB820201EB0B
:10263000C201C1F8600108999DF81F2002EB8202D7
:1026400001EBC201C1F8640108999DF81F2002EB5B
:10265000820201EBC201C1F86801FFE79DF81F008B
:1026600001308DF81F00BAE7089A1068117B8DF8C9
:102670000C1051689268029201910199029A039B91
:1026800005F0C0FA40B1FFE70899022081F89102F5
:1026900001208DF827000FE0089900200090487372
:1026A0000899012081F891020898006805F0A4FAC1
:1026B00000988DF82700FFE79DF827000AB080BD3D
:1026C00080B584B003900398006845F60041C4F2D9
:1026D0000001884219D1FFE7FFE741F21C00C4F274
:1026E0000200016841F400010160006800F400008C
:1026F00002900298FFE71420019000221146FEF795
:1027000099FE0198FEF78CFEFFE704B080BD000043
:1027100080B582B0019001208DF803000198807986
:10272000022803D0FFE7FDF7FFFFFFE70198D0F88D
:10273000D4029DF8031004F0C3F80198D0F8D40235
:1027400004F058F802B080BD80B582B001900198C5
:10275000D0F8D40204F088F802B080BD80B582B011
:1027600001900198D0F8D40204F090F802B080BD36
:1027700080B584B002908DF80710FFE7029890F8BA
:102780009002012804D1FFE702208DF80F0019E024
:102790000299012081F89002FFE7FFE79DF807000A
:1027A00002994873029800689DF8071006F0C2FA73
:1027B000FFE70299002081F89002FFE700208DF8E2
:1027C0000F00FFE79DF80F0004B080BD80B582B018
:1027D00001900199D1F8D40201F5267104F09AF81C
:1027E00002B080BD80B582B00090FFE7009890F8FD
:1027F0009002012804D1FFE702208DF807001BE0BA
:102800000099012081F89002FFE7FFE70098006837
:1028100006F020FA00980121FEF76CFE009800688F
:1028200005F0E4F9FFE70099002081F89002FFE746
:1028300000208DF80700FFE79DF8070002B080BD7B
:1028400080B582B001900198D0F8D40204F0DCF891
:102850000198807A48B1FFE74EF61051CEF20001A0
:10286000086840F006000860FFE702B080BD000085
:1028700080B586B004900020039002900498007800
:10288000C007002800F0AC80FFE700208DF80700AB
:1028900041F21C00C4F202000068C000002813D4FA
:1028A000FFE7FFE741F21C00C4F20200016841F0BB
:1028B00080510160006800F0805000900098FFE7B0
:1028C00001208DF80700FFE747F20000C4F2000086
:1028D0000068C005002822D4FFE747F20001C4F2D7
:1028E0000001086840F480700860FEF707FD03905F
:1028F000FFE747F20000C4F200000068C0050028AE
:102900000CD4FFE7FEF7FAFC0399401A652804D3BC
:10291000FFE703208DF817008AE0EAE7FFE741F2BE
:102920002000C4F20200006800F440700290029897
:10293000E0B3FFE702980499496801F440718842C6
:1029400034D0FFE741F22001C4F20201086820F40C
:102950004070029040F24042C4F2422201201060D6
:1029600000201060029808609DF80800C007E0B1E0
:10297000FFE7FEF7C3FC0390FFE741F22000C4F23B
:1029800002000068800700280ED4FFE7FEF7B6FCBF
:102990000399401A41F28931884204D3FFE70320AA
:1029A0008DF8170044E0E8E7FFE7FFE741F2200178
:1029B000C4F20201086820F44070049A526810437F
:1029C00008609DF80700012809D1FFE741F21C01CA
:1029D000C4F20201086820F080500860FFE7FFE7BA
:1029E00004980078800700280CD5FFE741F2040125
:1029F000C4F20201086820F44040049A926810432F
:102A00000860FFE704980078C00600280CD5FFE7AF
:102A100041F20401C4F20201086820F48000049A23
:102A2000D26810430860FFE700208DF81700FFE729
:102A30009DF8170006B080BD80B584B0029001916A
:102A4000029820B9FFE701208DF80F001BE10198E3
:102A500042F20001C4F20201096801F00701884254
:102A600016D9FFE742F20000C4F20200016821F02B
:102A70000701019A11430160006800F00700019905
:102A8000884204D0FFE701208DF80F00FBE0FFE74C
:102A900002980078800700282AD5FFE7029800787E
:102AA0004007002809D5FFE741F20401C4F2020102
:102AB000086840F4E0600860FFE7029800780007CB
:102AC000002809D5FFE741F20401C4F202010868B9
:102AD00040F460500860FFE741F20401C4F20201D3
:102AE000086820F0F000029A926810430860FFE73F
:102AF00002980078C007002860D0FFE7029840687D
:102B000001280ED1FFE741F20000C4F20200006884
:102B10008003002804D4FFE701208DF80F00B2E005
:102B200021E00298406802280ED1FFE741F2000040
:102B3000C4F2020000688001002804D4FFE70120ED
:102B40008DF80F009FE00DE041F20000C4F202009A
:102B500000688007002804D4FFE701208DF80F00EB
:102B600091E0FFE7FFE741F20401C4F202010868C7
:102B700020F00300029A526810430860FEF7BEFB83
:102B80000090FFE741F20400C4F20200006800F088
:102B90000C0002994968B0EB810F0ED0FFE7FEF7F9
:102BA000ADFB0099401A41F28931884204D3FFE716
:102BB00003208DF80F0066E0E4E7FFE7019842F29A
:102BC0000001C4F20201096801F00701884216D22F
:102BD000FFE742F20000C4F20200016821F00701A1
:102BE000019A11430160006800F0070001998842D2
:102BF00004D0FFE701208DF80F0044E0FFE70298C2
:102C00000078400700280CD5FFE741F20401C4F228
:102C10000201086820F4E060029AD268104308605C
:102C2000FFE702980078000700280DD5FFE741F282
:102C30000401C4F20201086820F46050029A12698B
:102C400040EAC2000860FFE700F04CF841F20401DE
:102C5000C4F202010968C9B20A0949F2F451C0F686
:102C60000001895CC84040F21C01C2F2000108600A
:102C700040F29810C2F200000068FEF767FB0020E7
:102C80008DF80F00FFE79DF80F0004B080BD000035
:102C900040F21C00C2F200000068704780B5FFF7E8
:102CA000F7FF41F20401C4F202010968C1F30222F4
:102CB00049F20461C0F60001895CC84080BD000093
:102CC00080B5FFF7E5FF41F20401C4F20201096893
:102CD000C1F3C22249F20461C0F60001895CC84018
:102CE00080BD000086B00020059004900390029003
:102CF000019041F20400C4F20200006805900598BA
:102D000000F00C000146009100283FD0FFE700983A
:102D1000042804D0FFE70098082806D037E042F2E4
:102D20000040C0F2F400019037E00598C0F3834101
:102D300049F20C60C0F60000405C02909DF816005D
:102D4000C007C0B1FFE741F20400C4F2020000680E
:102D5000C0F3404149F21C60C0F60000405C0490A2
:102D6000029842F20041C0F2F40148430499B0FBDA
:102D7000F1F0039007E0029840F60011C0F23D0127
:102D800048430390FFE70398019006E0FFE741F214
:102D90000020C0F27A000190FFE7019806B070476A
:102DA00080B586B00490049820B9FFE701208DF823
:102DB00017002EE304980078C007002800F0AE80CA
:102DC000FFE741F20400C4F20200006800F00C00CA
:102DD000042813D0FFE741F20400C4F202000068A7
:102DE00000F00C0008281BD1FFE741F20400C4F2F8
:102DF00002000068C003002812D5FFE741F200007E
:102E0000C4F2020000688003002808D5FFE7049898
:102E1000406820B9FFE701208DF81700F9E27CE057
:102E2000FFE704984068B0F5803F09D1FFE741F221
:102E30000001C4F20201086840F48030086032E00A
:102E40000498406868B9FFE741F20001C4F202014A
:102E5000086820F480300860086820F4802008604A
:102E600020E004984068B0F5A02F0DD1FFE741F2B3
:102E70000001C4F20201086840F48020086008687C
:102E800040F4803008600CE041F20001C4F202011D
:102E9000086820F480300860086820F4802008600A
:102EA000FFE7FFE7FFE7FFE704984068D0B1FFE7DF
:102EB000FEF724FA0390FFE741F20000C4F202009B
:102EC0000068800300280CD4FFE7FEF717FA039987
:102ED000401A652804D3FFE703208DF8170098E215
:102EE000EAE719E0FEF70AFA0390FFE741F2000073
:102EF000C4F202000068800300280CD5FFE7FEF74B
:102F0000FDF90399401A652804D3FFE703208DF8E3
:102F100017007EE2EAE7FFE7FFE7FFE704980078A3
:102F20008007002840F18D80FFE741F20400C4F2E1
:102F30000200006810F00C0F13D0FFE741F204000C
:102F4000C4F20200006800F00C00082829D1FFE755
:102F500041F20400C4F202000068C003002820D43B
:102F6000FFE741F20000C4F2020000688007002879
:102F700009D5FFE704980069012804D0FFE7012084
:102F80008DF8170045E241F20001C4F20201086821
:102F900020F0F800049A526940EAC2000860FFE796
:102FA0004EE00498006958B3FFE70021C4F24221C3
:102FB00001200860FEF7A2F90390FFE741F200004C
:102FC000C4F202000068800700280CD4FFE7FEF777
:102FD00095F90399401A032804D3FFE703208DF8DD
:102FE000170016E2EAE741F20001C4F202010868A4
:102FF00020F0F800049A526940EAC20008601EE01E
:103000000021C4F2422100200860FEF777F9039006
:10301000FFE741F20000C4F20200006880070028C8
:103020000CD5FFE7FEF76AF90399401A032804D389
:10303000FFE703208DF81700EBE1EAE7FFE7FFE782
:10304000FFE7049800780007002848D5FFE70498B8
:10305000806918B3FFE740F28041C4F242210120A9
:103060000860FEF74BF90390FFE741F22400C4F239
:1030700002000068800700280CD4FFE7FEF73EF945
:103080000399401A032804D3FFE703208DF81700A3
:10309000BFE1EAE7012001F013FE1FE040F28041AA
:1030A000C4F2422100200860FEF728F90390FFE7F0
:1030B00041F22400C4F202000068800700280CD509
:1030C000FFE7FEF71BF90399401A032804D3FFE733
:1030D00003208DF817009CE1EAE7FFE7FFE704987B
:1030E00000784007002840F1D880FFE700208DF8E5
:1030F000070041F21C00C4F202000068C000002872
:1031000013D4FFE7FFE741F21C00C4F2020001689C
:1031100041F080510160006800F0805000900098FC
:10312000FFE701208DF80700FFE747F20000C4F237
:1031300000000068C005002822D4FFE747F2000124
:10314000C4F20001086840F480700860FEF7D6F809
:103150000390FFE747F20000C4F200000068C005DA
:1031600000280CD4FFE7FEF7C9F80399401A652838
:1031700004D3FFE703208DF817004AE1EAE7FFE7F1
:10318000FFE70498C068012809D1FFE741F2200158
:10319000C4F20201086840F00100086031E00498C0
:1031A000C06868B9FFE741F22001C4F20201086873
:1031B00020F001000860086820F0040008601FE0AB
:1031C0000498C06805280DD1FFE741F22001C4F240
:1031D0000201086840F004000860086840F001003F
:1031E00008600CE041F22001C4F20201086820F0FE
:1031F00001000860086820F004000860FFE7FFE7AE
:10320000FFE7FFE70498C068E0B1FFE7FEF776F854
:103210000390FFE741F22000C4F20200006880073B
:1032200000280ED4FFE7FEF769F80399401A41F22F
:103230008931884204D3FFE703208DF81700E8E0C6
:10324000E8E71BE0FEF75AF80390FFE741F22000A1
:10325000C4F202000068800700280ED5FFE7FEF7E1
:103260004DF80399401A41F28931884204D3FFE7AF
:1032700003208DF81700CCE0E8E7FFE79DF8070092
:10328000012809D1FFE741F21C01C4F202010868DC
:1032900020F080500860FFE7FFE70498C06900282D
:1032A00000F0B380FFE741F20400C4F202000068BE
:1032B00000F00C00082800F08280FFE70498C06945
:1032C00002285CD1FFE76021C4F24221002008609F
:1032D000FEF714F80390FFE741F20000C4F2020089
:1032E0000068800100280CD5FFE7FEF707F8039976
:1032F000401A032804D3FFE703208DF8170088E065
:10330000EAE70498006AB0F5803F0CD1FFE741F28C
:103310000401C4F20201086820F40030049A9268A3
:1033200010430860FFE741F20401C4F2020108689B
:1033300020F47410049B1A6A5B6A1A4310430860F5
:103340006021C4F2422101200860FDF7D7FF0390FD
:10335000FFE741F20000C4F202000068800100288B
:103360000CD4FFE7FDF7CAFF0399401A032804D3E2
:10337000FFE703208DF817004BE0EAE71EE060212D
:10338000C4F2422100200860FDF7B8FF0390FFE778
:1033900041F20000C4F202000068800100280CD550
:1033A000FFE7FDF7ABFF0399401A032804D3FFE7BB
:1033B00003208DF817002CE0EAE7FFE724E00498EB
:1033C000C069012804D1FFE701208DF8170020E033
:1033D00041F20400C4F2020000680290029800F476
:1033E00080300499096A884208D1FFE7029800F406
:1033F00070100499496A884204D0FFE701208DF8D3
:10340000170006E0FFE7FFE7FFE700208DF8170051
:10341000FFE79DF8170006B080BD000080B582B0C0
:103420000190019801F0CAFC02B080BD81B000900B
:1034300001B0704781B0009001B0704785B0039033
:103440000291FFE7039890F83C00012804D1FFE7C0
:1034500002208DF813005BE00399012081F83C0005
:10346000FFE7FFE70399022081F83D000398006819
:10347000406801900398006880680090019820F0EF
:10348000700001900298016801980843019001982A
:103490000399096848600398006842F60041C4F245
:1034A0000101884218D0FFE703980068B0F1804F0F
:1034B00012D0FFE70398006840F20041C4F2000117
:1034C000884209D0FFE70398006840F60001C4F283
:1034D000000188420ED1FFE7009820F080000090A4
:1034E0000298416800980843009000980399096881
:1034F0008860FFE70399012081F83D00FFE7039909
:10350000002081F83C00FFE700208DF81300FFE762
:103510009DF8130005B0704780B582B00090009808
:1035200020B9FFE701208DF807003FE0009890F8F0
:103530003D0040B9FFE70099002081F83C00009869
:1035400000F038F8FFE70099022081F83D0000996B
:1035500051F8040B01F0B4FC0099012081F84600F9
:10356000FFE70099012081F83E00009981F83F00B3
:10357000009981F84000009981F84100FFE7FFE7DA
:103580000099012081F84200009981F843000099D8
:1035900081F84400009981F84500FFE70099012077
:1035A00081F83D0000208DF80700FFE79DF8070037
:1035B00002B080BD80B584B003900398006842F6E5
:1035C0000041C4F20101884219D1FFE7FFE741F24F
:1035D0001800C4F20200016841F400610160006853
:1035E00000F4006002900298FFE719200190002289
:1035F0001146FDF71FFF0198FDF712FFFFE704B02A
:1036000080BD000083B00190019890F83D00012832
:1036100004D0FFE701208DF80B0047E0019902205C
:1036200081F83D0001980168C86840F00100C86059
:103630000198006842F60041C4F20101884218D0A6
:10364000FFE701980068B0F1804F12D0FFE70198C2
:10365000006840F20041C4F20001884209D0FFE74F
:103660000198006840F60001C4F20001884212D1BE
:10367000FFE701980068806800F00700009000985C
:10368000062807D0FFE701980168086840F00100AC
:103690000860FFE706E001980168086840F0010053
:1036A0000860FFE700208DF80B00FFE79DF80B0096
:1036B00003B0704780B586B00490039100208DF868
:1036C0000B00FFE7049890F83C00012804D1FFE7C5
:1036D00002208DF81700ABE00499012081F83C002E
:1036E000FFE7FFE70499022081F83D000498006895
:1036F00080680190019820F077000190019820F4F3
:103700007F400190019804990968886003980068D7
:103710000090002872D0FFE7009810286ED0FFE7D5
:10372000009820286AD0FFE70098302866D0FFE78D
:103730000098402855D0FFE70098502837D0FFE781
:103740000098602840D0FFE7009870280BD0FFE772
:103750000098B0F5805F05D0FFE70098B0F5005FF6
:1037600016D052E055E004980068039B5A689968A7
:10377000DB6801F029FC04980068806801900198DA
:1037800040F077000190019804990968886040E052
:1037900004980068039B5A689968DB6801F014FC80
:1037A00004980168886840F48040886031E004989B
:1037B0000068039A5168D26801F036FC04980068EA
:1037C000502101F01BFC24E004980068039A516822
:1037D000D26801F051FC04980068602101F00EFCF1
:1037E00017E004980068039A5168D26801F01CFC45
:1037F00004980068402101F001FC0AE00498006888
:103800000399096801F0FAFB03E001208DF80B0031
:10381000FFE70499012081F83D00FFE704990020AB
:1038200081F83C00FFE79DF80B008DF81700FFE7DB
:103830009DF8170006B080BD81B0009001B07047C0
:1038400080B584B0039003980068C0680290039824
:103850000068006901909DF804008007002824D5C5
:10386000FFE79DF80800800700281DD5FFE70398B3
:1038700001686FF00200086103990120087703983E
:1038800000688069800720B1FFE70398FFF7D4FF45
:1038900006E0039800F0E2F8039800F0E3F8FFE791
:1038A000039900200877FFE7FFE79DF80400400731
:1038B000002825D5FFE79DF80800400700281ED501
:1038C000FFE7039801686FF0040008610399022084
:1038D000087703980068806910F4407F04D0FFE700
:1038E0000398FFF7A9FF06E0039800F0B7F80398E4
:1038F00000F0B8F8FFE7039900200877FFE7FFE73B
:103900009DF804000007002824D5FFE79DF8080073
:10391000000700281DD5FFE7039801686FF0080035
:10392000086103990420087703980068C06980073C
:1039300020B1FFE70398FFF77FFF06E0039800F050
:103940008DF8039800F08EF8FFE7039900200877C0
:10395000FFE7FFE79DF80400C006002825D5FFE734
:103960009DF80800C00600281ED5FFE703980168EF
:103970006FF0100008610399082008770398006829
:10398000C06910F4407F04D0FFE70398FFF754FFAD
:1039900006E0039800F062F8039800F063F8FFE790
:1039A000039900200877FFE7FFE79DF80400C007B0
:1039B00078B1FFE79DF80800C00748B1FFE703981A
:1039C00001686FF001000861039800F04FF8FFE70D
:1039D000FFE79DF804000006002810D5FFE79DF8DA
:1039E00008000006002809D5FFE7039801686FF07A
:1039F000800008610398FFF719FDFFE7FFE79DF8D6
:103A000004004006002810D5FFE79DF80800400696
:103A1000002809D5FFE7039801686FF040000861AE
:103A2000039800F07FF8FFE7FFE79DF804008006A9
:103A3000002810D5FFE79DF808008006002809D56A
:103A4000FFE7039801686FF0200008610398FFF713
:103A5000F1FCFFE7FFE704B080BD000081B00090FB
:103A600001B0704781B0009001B0704780B582B05E
:103A70000190019841F21841C2F2000188424FD1F1
:103A8000FFE7FCF759FE41F2C840C2F20000009087
:103A9000C11C41F2A840C2F20000042205F030FA35
:103AA000009A40F27310C2F200000178104600F84C
:103AB000011F40F27211C2F20001097891701221C7
:103AC00005F0ECF90146009840F63462C2F20002BB
:103AD0001170137840F63561C2F200010B70127854
:103AE00002700978C1741421FCF7BCFD41F2EC406E
:103AF000C2F20000007890B9FFE741F2EC41C2F257
:103B000000010120087041F26040C2F2000041F261
:103B1000C841C2F20001142200F006FBFFE7FFE7F4
:103B200002B080BD81B0009001B0704782B00190BA
:103B3000ADF8021002B0704781B00090009841F2D9
:103B40006041C2F20001884207D1FFE741F2EC4137
:103B5000C2F2000100200870FFE701B070470000CA
:103B600080B592B01190119800680068109011987B
:103B70000068C0680F901198006840690E9000209E
:103B80000D900C90109800F00F000D900D9888B9D2
:103B9000FFE79DF84000800600280AD5FFE79DF862
:103BA0003C008006002804D5FFE7119801F0A0FB37
:103BB000E9E1FFE70D98002800F0C280FFE79DF8DB
:103BC0003800C00738B9FFE7BDF83C0010F4907F1B
:103BD00000F0B680FFE79DF84000C00758B1FFE74E
:103BE0009DF83D00C00730B1FFE71199486C40F0E7
:103BF00001004864FFE79DF84000400700280BD50E
:103C0000FFE79DF83800C00730B1FFE71199486C15
:103C100040F002004864FFE79DF84000800700285C
:103C20000BD5FFE79DF83800C00730B1FFE71199C9
:103C3000486C40F004004864FFE79DF8400000072E
:103C4000002811D5FFE79DF83C008006002805D428
:103C5000FFE79DF83800C00730B1FFE71199486CC5
:103C600040F008004864FFE71198406C002866D0D7
:103C7000FFE79DF84000800600280AD5FFE79DF881
:103C80003C008006002804D5FFE7119801F030FBC6
:103C9000FFE7119800684069C0F380100C901198FC
:103CA000406C0007002804D4FFE70C9800283ED0A1
:103CB000FFE7119801F0A2FA1198006840694006E8
:103CC00000282FD5FFE7FFE7FFE71198006850E8CD
:103CD000050F20F040000B90FFE70B991198026848
:103CE00042E805100028F0D1FFE7FFE71198C06B0C
:103CF00098B1FFE71198C16B45F2CD00C0F6000006
:103D000048631198C06BFCF787FE28B1FFE7119854
:103D1000C06B416B8847FFE703E01198FFF70CFF8A
:103D2000FFE703E01198FFF707FFFFE706E01198B0
:103D3000FFF702FF119900204864FFE7FFE722E147
:103D40001198006B012840F0FE80FFE79DF84000CD
:103D5000C006002840F1F780FFE79DF83C00C00650
:103D6000002840F1F080FFE7FFE700200A9011985B
:103D7000006800680A901198006840680A900A98E4
:103D8000FFE71198006840694006002840F18180F3
:103D9000FFE71198C06B00684068ADF82600BDF8D9
:103DA0002600002874D0FFE7BDF826001199898D00
:103DB00088426DDAFFE7BDF826001199C885119891
:103DC000C06B8069202858D0FFE7FFE7FFE7119814
:103DD000006850E8030F20F480700890FFE708990E
:103DE0001198026842E803100028F0D1FFE7FFE7CE
:103DF000FFE7FFE71198006850E8050F20F0010089
:103E00000790FFE707991198026842E8051000281B
:103E1000F0D1FFE7FFE7FFE7FFE71198006850E800
:103E2000050F20F040000690FFE706991198026800
:103E300042E805100028F0D1FFE7FFE711992020A4
:103E400081F84200119900200863FFE7FFE711980D
:103E5000006850E8030F20F010000590FFE7059977
:103E60001198026842E803100028F0D1FFE7FFE74D
:103E70001198C06BFCF792FDFFE71199022048638F
:103E80001198818DC28D891A89B2FFF74FFEFFE725
:103E900079E01199888DC98D401AADF812001198FA
:103EA000C08D00284ED0FFE7BDF81200002849D091
:103EB000FFE7FFE7FFE71198006850E8030F20F4E1
:103EC00090700390FFE703991198026842E803108D
:103ED0000028F0D1FFE7FFE7FFE7FFE71198006850
:103EE00050E8050F20F001000290FFE702991198B9
:103EF000026842E805100028F0D1FFE7FFE71199BA
:103F0000202081F84200119900200863FFE7FFE7B5
:103F10001198006850E8030F20F010000190FFE7AF
:103F200001991198026842E803100028F0D1FFE7D8
:103F3000FFE71199022048631198BDF81210FFF7AE
:103F4000F5FDFFE71FE09DF84000000600280AD5B8
:103F5000FFE79DF83C000006002804D5FFE7119814
:103F600001F0DAFA0FE09DF84000400600280AD57B
:103F7000FFE79DF83C004006002804D5FFE71198B4
:103F800001F086F9FFE712B080BD000080B582B075
:103F90000090009820B9FFE701208DF8070040E06D
:103FA0000098806908B1FFE700E0FFE7009890F80B
:103FB000410040B9FFE70099002081F840000098D7
:103FC00000F034F8FFE70099242081F841000098C0
:103FD0000168C86820F40050C860009801F03EFAFB
:103FE00000980168086920F4904008610098016811
:103FF000486920F02A00486100980168C86840F4C8
:104000000050C860009900204864009A202182F87E
:104010004110009A82F84210009948638DF8070019
:10402000FFE79DF8070002B080BD000080B58CB0AE
:104030000B9000200A900990089007900B98006858
:1040400043F60001C4F20101884267D1FFE7FFE7B0
:1040500041F21800C4F20200016841F4804101609D
:10406000006800F4804006900698FFE7FFE741F201
:104070001800C4F20200016841F004010160006808
:1040800000F0040005900598FFE74FF400700790DA
:104090000220089003200A9040F60000C4F20100BC
:1040A000019007A90291FCF769FF019802994FF46A
:1040B000806207920022039208920992FCF75EFF49
:1040C000039941F2FC00C2F2000004904422C4F2C1
:1040D000020202601022426081608022C26001619F
:1040E00041618161C161FCF769FE18B1FFE7FCF72E
:1040F0001BFBFFE7FFE70B9841F2FC01C2F2000156
:1041000081630B984862FFE725200090002211464A
:10411000FDF790F90098FDF783F9FFE70CB080BD3B
:1041200081B0009001B0704780B586B004900391D3
:10413000ADF80A20049890F8410020285DD1FFE7EF
:10414000039820B1FFE7BDF80A0020B9FFE701207E
:104150008DF8170055E0039804990862BDF80A002D
:1041600004998884BDF80A000499C8840499002041
:104170004864049A212182F8411004998A6B45F21F
:104180006911C0F60001916204998A6B45F2E5114C
:10419000C0F60001D16204998A6B45F2ED01C0F6C8
:1041A000000111630499896B486303A80190049886
:1041B0000268806B019909680432BDF80A30FCF787
:1041C00055FE049801686FF040000860FFE7FFE7C4
:1041D0000498006850E8050F40F080000090FFE769
:1041E00000990498026842E805100028F0D1FFE722
:1041F000FFE700208DF8170003E002208DF817007C
:10420000FFE79DF8170006B080BD000081B0009068
:10421000009841F26041C2F20001884207D1FFE7F5
:1042200041F2EC41C2F2000100200870FFE701B04A
:104230007047000081B0009001B07047FFE7FEE7D3
:1042400083B0029001918DF8032000208DF80200C8
:104250008DF80200FFE79DF802009DF803108842E8
:1042600029DAFFE70298000F092809D8FFE702982A
:10427000000F303001999DF8022001F8120009E08A
:104280000299372000EB117001999DF8022001F886
:104290001200FFE702980001029001989DF80210B9
:1042A00000EB410100204870FFE79DF8020001305B
:1042B0008DF80200CFE703B07047000080B582B0F0
:1042C000FFE741F21400C4F20200016841F001016D
:1042D0000160006800F0010001900198FFE70E20E6
:1042E000009000221146FDF7A5F80098FDF798F818
:1042F00002B080BD80B58EB000200D900C900B9068
:104300000A90FFE741F21800C4F20200016841F090
:1043100020010160006800F0200009900998FFE783
:10432000FFE741F21800C4F20200016841F0040105
:104330000160006800F0040008900898FFE7FFE7BC
:1043400041F21800C4F20200016841F00801016066
:10435000006800F0080007900798FFE740F60000AB
:10436000C4F201000190F82100220292FCF7AEFF96
:10437000029A40F60040C4F20100059040F2074165
:10438000FCF7A4FF0198029904220A920B910C9168
:104390000AA90691FCF7F2FD0198029B0699E82212
:1043A0000A92012204920B920C930D92FCF7E6FD07
:1043B0000198049A069910230A930B920C920D927D
:1043C000FCF7DCFD029A049B059806990A930B936F
:1043D0000C92022203920D92FCF7D0FD039B049AEB
:1043E0000598069940F2064CCDF828C00B920C9324
:1043F0000D92FCF7C3FD0EB080BD000080B588B003
:104400000021009107910691059104910391029179
:1044100041F21840C2F20000019042F60042C4F29C
:104420000102026047224260816042F20F72C26064
:10443000016141618161FFF76FF818B1FFE7FCF797
:1044400073F9FFE74FF48050049041F21840C2F234
:10445000000004A9FFF72EF918B1FFE7FCF764F993
:10446000FFE700200290039041F21840C2F20000E2
:1044700002A9FEF7E3FF18B1FFE7FCF755F9FFE7E4
:1044800008B080BD80B582B041F26040C2F2000049
:10449000019043F60001C4F2010101604FF4E131E3
:1044A000416000218160C16001610C224261816133
:1044B000C161FFF76BFD18B1FFE7FCF735F9FFE7C6
:1044C00002B080BD80B540F63860C2F2000040F214
:1044D0000001C2F20001002201F014FF18B1FFE751
:1044E000FCF722F9FFE740F63860C2F2000040F224
:1044F0002001C2F2000102F0DBFA18B1FFE7FCF77D
:1045000013F9FFE740F63860C2F2000040F24411B0
:10451000C2F2000101F008FA18B1FFE7FCF704F954
:10452000FFE740F63860C2F2000002F0F7FB18B176
:10453000FFE7FCF7F9F8FFE780BD0000FFE7FEE7C3
:10454000FFE7FEE788B0079006910592079800F014
:10455000070004900498C0F10700052803D3FFE783
:104560000420019004E00498C0F107000190FFE7E7
:104570000198039004980430062803D8FFE7002030
:10458000009003E0049803380090FFE70098029041
:1045900006980399012202FA01F101390840029BB1
:1045A000984005999A40013A1140084308B0704775
:1045B00080B596B01590FFE715980068B0F84400F4
:1045C0000004002840F17783FFE715980068B0F8F1
:1045D0004400ADF84C00BDF84C0000F00F008DF821
:1045E00047009DF84700002840F05681FFE7BDF8DE
:1045F0004C00C006002843D4FFE7FFE71598006889
:10460000008848F60F710840ADF84400BDF844003A
:1046100040F40040159909680880FFE715981030AC
:10462000149015980068B0F8500014990A7800EBBF
:10463000C2021598006800EB4200B0F804046FF362
:104640009F20C86114994869CA6910444861159847
:104650000021FCF75DFF1598407B80B1FFE71498BF
:10466000806960B9FFE71598407B40F0800015999C
:104670000968A1F84C00159900204873FFE70AE18A
:10468000159800F5A8701490159800680088ADF88A
:104690004A00BDF84A00000500282FD5FFE715980D
:1046A0000068B0F8500014990A7800EBC20215981F
:1046B000006800EB4200B0F80C046FF39F20C86163
:1046C0001599086801F52671149BDA889B8B04F014
:1046D000E3FAFFE715980068008840F68F710840FC
:1046E000ADF84200BDF8420040F08000159909681D
:1046F0000880FFE71598FEF769F8CBE0BDF84A009F
:104700000004002840F1C580FFE7FFE71598006826
:10471000008840F68F710840ADF84000BDF84000B9
:1047200040F08000159909680880FFE71598006837
:10473000B0F8500014990A7800EBC202159800688E
:1047400000EB4200B0F80C046FF39F20C86114988E
:10475000C069B0B1FFE71498406990B1FFE71598C0
:104760000068149B5969DA889B8B04F095FA1499B8
:104770004869CA691044486115980021FCF7DCFEBD
:10478000FFE7159800680088ADF84A00BDF84A00B8
:10479000000500287CD4FFE7BDF84A0000F4405033
:1047A000B0F5405F74D0FFE7FFE7159800680F9001
:1047B00015980068B0F850100F9808440F900F98A3
:1047C00000F20C400E90FFE70E9908886FF39F20CF
:1047D0000880149800693F2818D3FFE7FFE7149872
:1047E000006940090D901498007CC00620B9FFE7CD
:1047F0000D9801380D90FFE70D9A0E99088840EA50
:10480000822040F400400880FFE720E0149800690F
:1048100030B9FFE70E99088840F40040088015E0A1
:10482000FFE71498006940080D901498007CC007B9
:1048300020B1FFE70D9801300D90FFE70D9A0E991A
:10484000088840EA82200880FFE7FFE7FFE7FFE7EC
:10485000FFE7FFE71598006800884BF68F71084066
:10486000ADF83200BDF8320080F48050ADF832006F
:10487000BDF8320080F40050ADF83200BDF83200CF
:1048800048F280010843159909680880FFE7FFE7AF
:10489000FFE7FFE7FFE70CE2159800689DF8471077
:1048A00030F82100ADF84A00BDF84A0000040028A5
:1048B00040F1E180FFE7FFE7159800689DF8471099
:1048C00030F8210040F68F710840ADF83000BDF897
:1048D000300040F08000159909689DF8472021F8C4
:1048E0002200FFE715989DF8471001EB810100EBCE
:1048F000C10000F5A87014901498007B08BBFFE776
:1049000015980068B0F850001499097800EBC101BF
:104910001598006800EB4100B0F80C046FF39F207D
:10492000ADF84E00BDF84E0050B1FFE71598006895
:10493000149A5169D288BDF84E3004F0ADF9FFE702
:1049400075E01498C078022809D1FFE715981499EA
:10495000BDF84A20FCF7BCFEADF84E0066E0FFE76C
:10496000FFE7159800681499097830F8210048F697
:104970008F710840ADF82E00BDF82E0048F2C0013E
:10498000084315990968149A127821F82200FFE764
:10499000FFE7159800681499097830F82100400461
:1049A000002821D5FFE715980068B0F85000149949
:1049B000097800EBC1011598006800EB4100B0F8E0
:1049C00004046FF39F20ADF84E00BDF84E0050B1C7
:1049D000FFE715980068149A51691289BDF84E30A6
:1049E00004F05AF9FFE720E015980068B0F850008D
:1049F0001499097800EBC1011598006800EB41009B
:104A0000B0F80C046FF39F20ADF84E00BDF84E00D7
:104A100050B1FFE715980068149A51695289BDF8A2
:104A20004E3004F039F9FFE7FFE7FFE7FFE7BDF895
:104A30004E201499C8691044C861BDF84E201499DD
:104A40004869104448611498806938B1FFE7BDF89F
:104A50004E0014990969884206D2FFE71598149907
:104A60000978FCF769FD05E015980068149903F0D2
:104A7000E5F9FFE7FFE7BDF84A000006002840F12E
:104A80001781FFE715989DF8471001EB810100EBB6
:104A9000C10010301490FFE7159800689DF847108A
:104AA00030F8210048F60F710840ADF82C00BDF831
:104AB0002C0040F40040159909689DF8472021F822
:104AC0002200FFE71498C078012840F0A180FFE79A
:104AD0001499002088611498007B002800F09280CF
:104AE000FFE7BDF84A004006002846D5FFE7FFE78C
:104AF0001498407808BBFFE7FFE7159800680A9014
:104B000015980068B0F850100A9808440A900A985E
:104B10001499097800EB011000F204400990FFE7B6
:104B2000099908886FF39F2008800999088840F444
:104B300000400880FFE7FFE71DE014984078012857
:104B400018D1FFE7FFE715980068079015980068EF
:104B5000B0F85010079808440790079814990978FE
:104B600000EB011000F20440069006990020088036
:104B7000FFE7FFE7FFE7FFE743E0FFE7159800687F
:104B800005901498407808BBFFE7FFE71598006888
:104B9000039015980068B0F85010039808440390EB
:104BA00003981499097800EB011000F20C40029070
:104BB000FFE7029908886FF39F2008800299088810
:104BC00040F400400880FFE7FFE718E014984078C1
:104BD000012813D1FFE715980068B0F85010059828
:104BE0000844059005981499097800EB011000F22B
:104BF0000C400490049900200880FFE7FFE7FFE7DE
:104C0000FFE7FFE7159814990978FCF781FC4EE05F
:104C1000BDF84A00C005002841D4FFE71598006898
:104C2000B0F850001499097800EBC101159800689C
:104C300000EB4100B0F804046FF39F20ADF848008A
:104C400014988069BDF84810884207D9FFE7BDF87D
:104C5000482014998869801A886103E0149900201B
:104C60008861FFE71498806930B9FFE715981499B7
:104C70000978FCF74DFC11E0BDF84820149948690B
:104C800010444861BDF848201499C8691044C861AF
:104C900015980068149903F0D1F8FFE706E015981D
:104CA0001499BDF84A20FCF711FEFFE7FFE7FFE784
:104CB000FFE7FFF781BC002016B080BD7047000001
:104CC00082B00190019840F21C01C2F20001096813
:104CD000C90844F6D352C1F26202A1FB022189093C
:104CE00048430090FFE700BFFFE70098411E009196
:104CF0000028F8D1FFE702B07047000070470000BD
:104D000080B586B0059000208DF81300FFE79DF870
:104D1000130007284FDCFFE700220392ADF81020B4
:104D200040F60000C4F201001021FCF7CFFA03980E
:104D30008DF81200FFE79DF812000F2825DCFFE731
:104D400040F60000C4F201000290202101910022EF
:104D5000FCF7BCFA02980421FCF7A0FA019902467C
:104D600002989DF81230C3F10F039A40BDF810303D
:104D70001A44ADF810200122FCF7A8FAFFE79DF8CD
:104D8000120001308DF81200D5E740F60000C4F2A1
:104D9000010010210122FCF799FABDF810000599D5
:104DA0009DF8132021F81200FFE79DF81300013051
:104DB0008DF81300ABE706B080BD000080B582B06F
:104DC000009000980138B0F1807F03D3FFE7012005
:104DD000019019E0009801384EF21401CEF2000162
:104DE00008604FF0FF300F2104F018F84EF2180160
:104DF000CEF20001002008604EF21002CEF2000256
:104E0000072111600190FFE7019802B080BD00000A
:104E100080B5FCF779FA80BD80B596B00CA80190FA
:104E20002821FBF707FA0198002102910B910A91C2
:104E3000099108910791069105910491039101222E
:104E40000C924FF480310D914FF400330E93109279
:104E50000222139214914FF4E0111591FDF7A0FF77
:104E600018B1FFE7FBF760FCFFE70F200790022176
:104E70000891002009904FF480620A920B9007A8D5
:104E8000FDF7DAFD18B1FFE7FBF74EFCFFE7102056
:104E900003900020069003A8FDF7EAFC18B1FFE795
:104EA000FBF742FCFFE716B080BD00007047000032
:104EB00080B541F21840C2F20000FEF7C1FC80BD8F
:104EC00083B002900191029800680090029842F627
:104ED0000041C4F20101884215D0FFE70298B0F109
:104EE000804F10D0FFE7029840F20041C4F2000169
:104EF000884208D0FFE7029840F60001C4F20001A2
:104F000088420AD1FFE7009820F0700000900198D5
:104F10004168009808430090FFE7029842F600417C
:104F2000C4F20101884215D0FFE70298B0F1804F2A
:104F300010D0FFE7029840F20041C4F2000188421D
:104F400008D0FFE7029840F60001C4F20001884251
:104F50000AD1FFE7009820F4407000900198C168E2
:104F6000009808430090FFE7009820F08000019926
:104F70004969084300900098029908600198806888
:104F80000299C8620198006802998862029842F604
:104F90000041C4F20101884205D1FFE70198006990
:104FA00002990863FFE702990120486102980069AD
:104FB000C00730B1FFE70299086920F001000861DD
:104FC000FFE703B07047000085B0049003910292A0
:104FD0000193049880680090009820F47F4000902E
:104FE00003980299019A41EA02210143009808437B
:104FF000009000980499886005B0704783B00290D3
:105000000191029880680090009820F07000009054
:1050100001980099084340F0070000900098029919
:10502000886003B07047000085B00490039102923D
:105030000498006A00900499086A20F00100086250
:10504000049880690190019820F0F0000190029985
:10505000019840EA01100190009820F00A000090A9
:10506000039900980843009001980499886100987A
:105070000499086205B0704785B0049003910292CC
:105080000498006A00900499086A20F010000862F1
:10509000049880690190019820F470400190029971
:1050A000019840EA01300190009820F0A0000090A3
:1050B0000399009840EA01100090019804998861D2
:1050C00000980499086205B07047000080B582B06E
:1050D00001900198406A009000990020C8850099CD
:1050E000C8840098FEF728FD02B080BD80B584B06A
:1050F0000390002002900398406A01900198006894
:105100004069C0B2C0090290019890F8410021287E
:105110000AD1FFE7029838B1FFE701990020C8845F
:10512000019800F0C9F8FFE7019800684069C0F3F2
:1051300080100290019890F8420022280AD1FFE7DF
:10514000029838B1FFE701990020C885019800F066
:1051500055F8FFE70199486C40F010004864019849
:10516000FEF7EAFC04B080BD80B584B003900398DC
:10517000406A0290039800680068800600282AD4DC
:10518000FFE702990020C884FFE7FFE70298006864
:1051900050E8050F20F080000190FFE70199029888
:1051A000026842E805100028F0D1FFE7FFE7FFE7BB
:1051B000FFE70298006850E8030F40F040000090BD
:1051C000FFE700990298026842E803100028F0D136
:1051D000FFE7FFE703E00298FFF718F8FFE704B0E6
:1051E00080BD000080B582B001900198406A0090B7
:1051F0000098FFF71FF802B080BD000084B0039054
:10520000FFE7FFE70398006850E8030F20F4907071
:105210000290FFE702990398026842E80310002811
:10522000F0D1FFE7FFE7FFE7FFE70398006850E8EA
:10523000050F20F001000190FFE701990398026833
:1052400042E805100028F0D1FFE7FFE70398006B64
:10525000012814D1FFE7FFE7FFE70398006850E853
:10526000030F20F010000090FFE7009903980268F8
:1052700042E803100028F0D1FFE7FFE7FFE70399BA
:10528000202081F8420003990020086304B0704791
:1052900080B582B0019001980168C86820F0400094
:1052A000C8600199202081F841000198FEF7AEFF07
:1052B000002002B080BD000082B00190FFE7FFE750
:1052C0000198006850E8030F20F0C0000090FFE74D
:1052D00000990198026842E803100028F0D1FFE726
:1052E000FFE70199202081F8410002B070470000DB
:1052F00080B586B00490049890F84200222840F0CF
:10530000A480FFE704988068B0F5805F15D1FFE7BF
:105310000498006988B9FFE7002003900498806A28
:1053200002900498006840686FF35F20029908803B
:105330000499886A0230886225E00498806A0390A4
:105340000020029004988068B0F5805F08D0FFE7E5
:105350000498806850B9FFE70498006930B9FFE706
:105360000498006840680399087007E00498006892
:10537000406800F07F0003990870FFE70499886A8D
:1053800001308862FFE70499C88D0138C8850004A0
:10539000002856D1FFE704980168C86820F0200073
:1053A000C86004980168C86820F48070C8600498D8
:1053B0000168486920F0010048610499202081F8C3
:1053C00042000499002048630498006B012830D102
:1053D000FFE7049900200863FFE7FFE704980068EF
:1053E00050E8030F20F010000190FFE701990498A6
:1053F000026842E803100028F0D1FFE7FFE70498B5
:1054000000680068C00600280ED5FFE7FFE700200F
:105410000090049800680068009004980068406854
:1054200000900098FFE7FFE70498818DFEF77EFB70
:1054300003E00498FEF774FEFFE700208DF81700E4
:1054400007E000208DF8170003E002208DF8170018
:10545000FFE79DF8170006B080BD000080B584B05E
:10546000039003980068006920F44050039A116883
:10547000D26810430861039988680A694969104332
:105480000843029003980068C06841F20C618843A9
:105490000299084303990968C86003980068406945
:1054A00020F44070039A1168926910434861039890
:1054B000006843F60001C4F20101884204D1FFE70D
:1054C000FDF7FEFB019003E0FDF7E8FB0190FFE72D
:1054D000019819214843039A116852689200B0FB61
:1054E000F2FC48F21F52C5F2EB12ACFB023043094A
:1054F000642003FB10CC322000EB0C10A0FB020256
:10550000F02000EA521000EB0310C2F343121044E3
:10551000886004B080BD000083B00190019890F8CD
:10552000410021283AD1FFE701988068B0F5805FFB
:1055300013D1FFE70198006978B9FFE70198006A85
:105540000090009800886FF35F2001990968486017
:105550000199086A0230086208E0019A106A411C49
:1055600011620078019909684860FFE70199C88CC9
:105570000138C884000468B9FFE701980168C86869
:1055800020F08000C86001980168C86840F04000C1
:10559000C860FFE700208DF80B0003E002208DF8C3
:1055A0000B00FFE79DF80B0003B0704780B541F298
:1055B0006040C2F20000FEF7D3FA80BD80B586B02D
:1055C00004908DF80F100498D0F8B8020290049857
:1055D000D0F8C00201900498D0F8B802A8B3FFE751
:1055E00004989DF80F1001EB810100EB8100C06968
:1055F00010B3FFE704989DF80F1001EB810100EB59
:105600008100C269019800EBC100016AB2FBF1F0B0
:1056100000FB112080B9FFE704989DF80F1001EB03
:10562000810100EB81000023C36104989DF80F10F5
:105630001A4601F0F7F904E002990020C1F81402BB
:10564000FFE700208DF8170003E002208DF8170017
:10565000FFE79DF8170006B080BD000080B584B05C
:1056600002908DF807100298D0F8B80200900298C6
:105670009DF8071000F0E8FF0099C1F80C020298AD
:10568000D0F8B80270B1FFE70298D0F8BC02C26847
:105690000099D1F8040201F50371904700208DF8BC
:1056A0000F0003E002208DF80F00FFE79DF80F00C8
:1056B00004B080BD80B584B003908DF80B1000203D
:1056C00001908DF80A000398812100F06BFE01988B
:1056D0000399C8620398012100F064FE01980399C0
:1056E000C1F86C010398822100F05CFE01980399D7
:1056F00008640398D0F8B80278B1FFE70398D0F8AF
:10570000BC02406880470398D0F8B80201F056FD0B
:1057100003990020C1F8B802FFE79DF80A0004B021
:1057200080BD000080B582B001900198D0F8B80229
:1057300000900198D0F8BC02A8B1FFE7009890F85B
:105740000002FF280FD0FFE70198D0F8BC02836861
:10575000009991F8000291F8012298470099FF20E2
:1057600081F80002FFE7002002B080BD81B0009008
:1057700000990A20088040F2E000C2F2000001B067
:105780007047000081B0009000994320088040F2EB
:105790005800C2F2000001B07047000081B00090D4
:1057A00000994320088040F29C00C2F2000001B042
:1057B0007047000081B0009000994320088040F2BB
:1057C000EC00C2F2000001B07047000080B58AB062
:1057D00009908DF8231000208DF822000998007C94
:1057E000B8B9FFE709988121022204924FF40073AF
:1057F000059300F0B5FF049A059B099801210691D5
:10580000C162099800F0ACFF06980999C1F86C01D3
:1058100015E009988121022201924023029300F0B1
:105820009FFF019A029B099801210391C162099887
:1058300000F096FF03980999C1F86C01FFE70998F9
:1058400082210322082300F08BFF099901200864BC
:105850004FF4077001F0B6FC0999C1F8B802099835
:10586000D0F8B80220B9FFE701208DF8220027E028
:105870000998D0F8B80207900998D0F8BC020068DF
:10588000804707990020C1F814020799C1F818024F
:105890000998007C50B9FFE709980799D1F80422CC
:1058A00001214FF4007300F081FF08E00998079987
:1058B000D1F804220121402300F078FFFFE7FFE741
:1058C0009DF822000AB080BD80B584B00290029895
:1058D000D0F8B80201900298D0F8B802D8B1FFE72A
:1058E0000298007C50B9FFE702980199D1F8042290
:1058F00001214FF4007300F059FF08E0029801996C
:10590000D1F804220121402300F050FFFFE70020DE
:105910008DF80F0003E002208DF80F00FFE79DF8DF
:105920000F0004B080BD000083B0029001910220FE
:105930008DF80300019840B1FFE701980299C1F882
:10594000BC0200208DF80300FFE79DF8030003B0C0
:105950007047000083B0029001910298D0F8B8021D
:10596000009001980099C1F80402002003B070472C
:1059700084B003900291ADF806200398D0F8B802E5
:10598000009002980099C1F80802BDF8060000993D
:10599000C1F81002002004B07047000080B588B044
:1059A000079006910798D0F8B802059000208DF86E
:1059B0001300ADF810008DF80F000698007800F085
:1059C000600001460291D8B3FFE70298202840F01A
:1059D0008880FFE70698C08840B3FFE70698007804
:1059E0000006002810D5FFE70798D0F8BC028368AE
:1059F000069A50780599D288984707980599069A8B
:105A0000D28800F043F910E006984078059981F8B3
:105A1000000206988079059981F801020798059996
:105A2000069AD28800F000F9FFE708E00798D0F85E
:105A3000BC0283680699487800229847FFE758E03F
:105A4000069840780146019140B1FFE701980A2885
:105A500019D0FFE701980B282BD039E0079890F870
:105A60009C02032806D1FFE7079804A9022200F050
:105A70000DF907E00798069900F0C8F802208DF8A4
:105A80000F00FFE72CE0079890F89C02032807D14D
:105A9000FFE707980DF11301012200F0F7F807E086
:105AA0000798069900F0B2F802208DF80F00FFE782
:105AB00016E0079890F89C02032808D0FFE70798A3
:105AC000069900F0A3F802208DF80F00FFE707E029
:105AD0000798069900F09AF802208DF80F00FFE76A
:105AE00007E00798069900F091F802208DF80F0062
:105AF000FFE79DF80F0008B080BD000080B584B0BE
:105B000002900298D0F8B80201900298D0F8B8023A
:105B1000F8B1FFE70198D0F81402B0B9FFE7019996
:105B20000120C1F814020198D0F81002029908630C
:105B300002980199D1F80822B1F81032812100F0C1
:105B400071FF00208DF80F0007E001208DF80F0095
:105B500003E002208DF80F00FFE79DF80F0004B06E
:105B600080BD000080B582B001908DF803100198CF
:105B7000D0F8B4124A689DF803109047002002B094
:105B800080BD000080B582B001900091019890F82E
:105B90009C02013802280ED8FFE7009840880128AF
:105BA00008D1FFE701990020C1F8A402019800F094
:105BB0008BF8FFE704E00198009900F027F8FFE771
:105BC00002B080BD80B584B003900291ADF806208C
:105BD0000398029ABDF806300021009100F0E6FD1E
:105BE000009804B080BD000080B584B0039002919D
:105BF000ADF806200398029ABDF806300021009106
:105C000000F010FF009804B080BD000080B582B0A5
:105C1000019000910198802100F0BEFE01980021C2
:105C200000F0BAFE02B080BD80B584B0039002914E
:105C3000ADF8062003990320C1F89402BDF80600D0
:105C40000399C1F85C01BDF806000399C1F8600131
:105C50000398029ABDF806300021009100F0A6FDDD
:105C6000009804B080BD000080B582B00190019919
:105C70000520C1F8940201980023009319461A46A2
:105C800000F094FD009802B080BD000080B584B0A3
:105C900003900291ADF8062003990220C1F8940206
:105CA000BDF806000399C861BDF8060003990862B3
:105CB0000398029ABDF806300021009100F0B2FE70
:105CC000009804B080BD000080B582B001900199B9
:105CD0000420C1F8940201980023009319461A4643
:105CE00000F0A0FE009802B080BD000080B582B038
:105CF0008DF8070000919DF8070060B9FFE7009A52
:105D000049F22C60C0F6000040F21421C2F20001FA
:105D100000F08CFA0BE0009A49F22C60C0F600000B
:105D200040F21421C2F2000100F080FAFFE740F2D5
:105D30001420C2F2000002B080BD000082B08DF8D5
:105D40000700009100991220088040F23010C2F242
:105D5000000002B07047000080B582B08DF80700E7
:105D600000919DF8070060B9FFE7009A49F21E60B4
:105D7000C0F6000040F21421C2F2000100F056FA11
:105D80000BE0009A49F21E60C0F6000040F21421B8
:105D9000C2F2000100F04AFAFFE740F21420C2F21A
:105DA000000002B080BD000082B08DF807000091B5
:105DB00000990420088040F25410C2F2000002B0A2
:105DC0007047000080B584B08DF80F000291029AF0
:105DD00049F23760C0F6000040F21421C2F200011F
:105DE000019100F023FA019804B080BD80B582B023
:105DF0008DF8070000919DF8070060B9FFE7009A51
:105E000049F24A60C0F6000040F21421C2F20001DB
:105E100000F00CFA0BE0009A49F24A60C0F600006C
:105E200040F21421C2F2000100F000FAFFE740F254
:105E30001420C2F2000002B080BD000080B582B024
:105E40008DF80700009100991A200880FAF778FD74
:105E500040F25810C2F2000002B080BD80B584B09C
:105E6000039002910298C088012805D0FFE70398AB
:105E70000299FFF7CBFE21E0039890F89C12481E90
:105E80000191022804D3FFE7019803280AD00FE00C
:105E9000039900208860039800F108010122FFF7B0
:105EA000F5FE0AE00398011D0122FFF7EFFE04E072
:105EB00003980299FFF7AAFEFFE7FFE704B080BD51
:105EC00080B588B0079006910020ADF816000490C8
:105ED0008DF80F000698C078013801460291062817
:105EE00000F21E810299DFE811F0070011002E0078
:105EF0001B011B01E80000010798D0F8B0120A68E6
:105F0000007C0DF116019047049013E10798007C86
:105F100060B9FFE70798D0F8B402816A0DF1160066
:105F2000884704900499022048700BE00798D0F845
:105F3000B402C16A0DF1160088470490049902204A
:105F40004870FFE7F6E00698807801460191052841
:105F500000F2A8800199DFE801F0031E39546F8A2E
:105F60000798D0F8B002406850B1FFE70798D0F822
:105F7000B0124A68007C0DF116019047049009E0C8
:105F800007980699FFF742FE9DF80F0001308DF843
:105F90000F00FFE790E00798D0F8B002806850B19A
:105FA000FFE70798D0F8B0128A68007C0DF116015F
:105FB0009047049009E007980699FFF727FE9DF89F
:105FC0000F0001308DF80F00FFE775E00798D0F85B
:105FD000B002C06850B1FFE70798D0F8B012CA68A5
:105FE000007C0DF116019047049009E0079806998E
:105FF000FFF70CFE9DF80F0001308DF80F00FFE752
:106000005AE00798D0F8B002006950B1FFE707984E
:10601000D0F8B0120A69007C0DF116019047049087
:1060200009E007980699FFF7F1FD9DF80F00013090
:106030008DF80F00FFE73FE00798D0F8B002406905
:1060400050B1FFE70798D0F8B0124A69007C0DF113
:1060500016019047049009E007980699FFF7D6FDCE
:106060009DF80F0001308DF80F00FFE724E007983E
:10607000D0F8B002806950B1FFE70798D0F8B012AD
:106080008A69007C0DF116019047049009E0079899
:106090000699FFF7BBFD9DF80F0001308DF80F004A
:1060A000FFE709E007980699FFF7B0FD9DF80F009C
:1060B00001308DF80F00FFE73CE00798007C48B9FD
:1060C000FFE70798D0F8B402416B0DF1160088473E
:1060D000049009E007980699FFF798FD9DF80F00D6
:1060E00001308DF80F00FFE724E00798007C60B9CD
:1060F000FFE70798D0F8B402016B0DF1160088474E
:10610000049004990720487009E007980699FFF762
:106110007DFD9DF80F0001308DF80F00FFE709E0CD
:1061200007980699FFF772FD9DF80F0001308DF872
:106130000F00FFE79DF80F0008B1FFE729E0BDF869
:106140001600E8B1FFE70698C088C8B1FFE7BDF8C0
:1061500016000699C988884204DAFFE7BDF81600E0
:10616000009003E00698C0880090FFE70098ADF823
:10617000160007980499BDF81620FFF787FDFFE782
:106180000698C08820B9FFE70798FFF79DFDFFE755
:10619000FFE708B080BD000082B0019000208DF8BC
:1061A0000300FFE70198007848B1FFE79DF803007E
:1061B00001308DF80300019801300190F2E79DF85D
:1061C000030002B07047000080B582B001900091DA
:1061D000019890F89C02013802281FD8FFE7009828
:1061E000C088022805D0FFE701980099FFF70EFD4F
:1061F00019E001990120C8600198D0F8A40230B1DB
:10620000FFE70199C86840F00200C860FFE7019805
:1062100000F10C010222FFF739FD04E0019800991A
:10622000FFF7F4FCFFE702B080BD000080B584B04A
:1062300003900291019200208DF803000398A0B30F
:10624000FFE70398FFF7A8FF0146022000EB41009B
:10625000019908800198007802999DF80320531C49
:106260008DF80330885402999DF80320501C8DF856
:10627000030003208854FFE703980078A0B1FFE7EC
:106280000398411C0391007802999DF80320531C48
:106290008DF80330885402999DF80320501C8DF826
:1062A000030000208854E7E7FFE704B080BD00004A
:1062B00082B08DF8070000208DF806009DF80700D9
:1062C00001460091032814D80099DFE801F0020686
:1062D0000A0E00208DF806000FE002208DF806005F
:1062E0000BE001208DF8060007E002208DF8060083
:1062F00003E002208DF80600FFE79DF8060002B0DB
:106300007047000080B584B0029001918DF80320A1
:10631000029820B9FFE702208DF80F0020E00298D4
:10632000D0F8B40228B1FFE702990020C1F8B40206
:10633000FFE7019828B1FFE701980299C1F8B00280
:10634000FFE70299012081F89C029DF80300029961
:106350000870029800F086F900208DF80F00FFE722
:106360009DF80F0004B080BD80B582B001908DF81B
:10637000031000208DF802008DF801000198D0F87C
:10638000C0029DF80310FBF73FF98DF802009DF85D
:106390000200FFF78DFF8DF801009DF8010002B0AB
:1063A00080BD000080B582B001908DF80310002000
:1063B0008DF802008DF801000198D0F8C0029DF818
:1063C0000310FBF7CDF88DF802009DF80200FFF7EF
:1063D0006FFF8DF801009DF8010002B080BD000044
:1063E00080B586B004908DF80F1002929DF80F00D2
:1063F000002840F08580FFE704981430019004984D
:10640000D0F8940202285BD1FFE70199C8680969B6
:10641000884212D9FFE70199C8680A69801AC860E2
:1064200004980299019A9289FFF7DEFB04980023F1
:1064300019461A4600F0BAF941E0019882680169EC
:10644000B2FBF1F000FB1120F0B9FFE70199886879
:106450000969884218D3FFE7019880680499D1F848
:106460009812884210D2FFE7049800220092114649
:10647000FFF7BAFB009B0498C0F8983204981946BD
:106480001A4600F093F919E00498D0F8B402C068F5
:1064900060B1FFE7049890F89C02032806D1FFE75B
:1064A0000498D0F8B412C9688847FFE7049880219F
:1064B00000F072FA0498FFF7D7FBFFE7FFE710E060
:1064C0000498D0F89402042805D0FFE70498D0F887
:1064D000940228B9FFE70498802100F05DFAFFE7F5
:1064E000FFE7049890F8A002012808D1FFE704987C
:1064F00000F0F8FA0499002081F8A002FFE718E004
:106500000498D0F8B402406970B1FFE7049890F89D
:106510009C02032808D1FFE70498D0F8B4124A6916
:106520009DF80F10904703E002208DF8170004E05B
:10653000FFE700208DF81700FFE79DF8170006B071
:1065400080BD000080B588B006908DF817100492C9
:106550009DF81700002855D1FFE7069800F5AA70AE
:1065600003900698D0F8940203283BD1FFE70399E3
:10657000C868096988421ED9FFE70399C8680A6993
:10658000801AC86006980190049802900399C86820
:106590000969884204D2FFE70398C068009003E0CD
:1065A000039800690090FFE702990198009A92B25F
:1065B000FFF708FB15E00698D0F8B402006960B157
:1065C000FFE7069890F89C02032806D1FFE706989B
:1065D000D0F8B41209698847FFE70698FFF774FB03
:1065E000FFE70EE00698D0F89402052808D1FFE7EF
:1065F00006980021C0F89412069800F0CDF9FFE744
:10660000FFE718E00698D0F8B402806970B1FFE7A0
:10661000069890F89C02032808D1FFE70698D0F866
:10662000B4128A699DF81710904703E002208DF894
:106630001F0004E0FFE700208DF81F00FFE79DF832
:106640001F0008B080BD000080B582B001908DF8B9
:1066500003100198D0F8C0029DF80310FBF7DCFC92
:1066600002B080BD80B584B00390039941F2401020
:10667000C2F200000290C0F8D4120399C1F8C0021F
:1066800045F60041C4F200010160082101710221B8
:10669000817100218172C1720173FBF70FFF18B184
:1066A000FFE7FAF741F8FFE70398D0F8C0020022AD
:1066B000019218231146FAF7DFFE019A0398D0F8E9
:1066C000C00280215823FAF7D7FE019A0398D0F828
:1066D000C0028121C023FAF7CFFE019A0398D0F8B7
:1066E000C00201214FF48873FAF7C6FE019A03989D
:1066F000D0F8C00282214FF48073FAF7BDFE0198F2
:1067000004B080BD84B002908DF807100298D0F8D4
:10671000C00200909DF80700000600280DD5FFE795
:1067200000989DF8071001F07F0101EB810100EB5B
:10673000C100807C8DF80F000DE000989DF80710D7
:1067400001F07F0101EB810100EBC10090F85201E3
:106750008DF80F00FFE79DF80F0004B070470000B0
:1067600080B584B003908DF80B108DF80A20ADF839
:10677000083000208DF807008DF806000398D0F847
:10678000C0029DF80B10BDF808209DF80A30FBF7F9
:1067900055FC8DF807009DF80700FFF789FD8DF87F
:1067A00006009DF8060004B080BD000080B584B0EE
:1067B00003908DF80B100192ADF8023000208DF897
:1067C00001008DF800000398D0F8C0029DF80B106E
:1067D000019ABDF80230FBF79FFC8DF801009DF88F
:1067E0000100FFF765FD8DF800009DF8000004B082
:1067F00080BD000080B584B003900398002202920F
:10680000402300931146FFF7ABFF009B029A0399C8
:1068100001200190C1F858010398C0F86431039831
:106820008021FFF79DFF009A01990298039B9961CF
:10683000039B5A62039A82F89C120399C1F894024E
:10684000039948600399C1F8A4020398D0F8B802EC
:1068500038B1FFE70398D0F8B4124A68017990473D
:10686000FFE7002004B080BD81B00090009890F850
:106870009C02042806D1FFE7009991F89D0281F857
:106880009C02FFE7002001B07047000080B582B095
:106890000190019890F89C0203280DD1FFE7019820
:1068A000D0F8B402C06930B1FFE70198D0F8B41253
:1068B000C9698847FFE7FFE7002002B080BD0000FC
:1068C00082B001908DF803109DF8030001990874BF
:1068D000002002B07047000080B582B001908DF8B2
:1068E000031000208DF802008DF801000198D0F807
:1068F000C0029DF80310FBF73BFF8DF802009DF8E6
:106900000200FFF7D5FC8DF801009DF8010002B0F0
:1069100080BD000080B584B003900291039800F51B
:106920002A70029900F0A2F803990120C1F894029C
:106930000399B1F8AE02C1F89802039890F8A80242
:1069400000F01F000146019140B1FFE701980128C6
:106950000AD0FFE7019802280CD011E0039800F557
:106960002A7100F0E5F913E0039800F52A7100F0B0
:10697000D9FB0DE0039800F52A7100F037FA07E023
:10698000039890F8A81201F0800100F005F8FFE7E5
:10699000002004B080BD000080B582B001908DF869
:1069A000031000208DF802008DF801000198D0F846
:1069B000C0029DF80310FBF7DDFB8DF802009DF887
:1069C0000200FFF775FC8DF801009DF8010002B090
:1069D00080BD000080B582B0019000208DF80300DA
:1069E0008DF802000198D0F8C002FBF7FBFE8DF88D
:1069F00003009DF80300FFF75BFC8DF802009DF893
:106A0000020002B080BD000081B00090009991F8B2
:106A10009C0281F89D020099042081F89C020020CC
:106A200001B0704780B584B003908DF80B100192CF
:106A3000ADF8023000208DF801008DF800000398B9
:106A4000D0F8C0029DF80B10019ABDF80230FBF798
:106A5000FFFB8DF801009DF80100FFF729FC8DF880
:106A600000009DF8000004B080BD000082B00190DD
:106A70000091009800780199087000984078019979
:106A8000487000998878C97840EA012001994880C7
:106A900000990879497940EA012001998880009994
:106AA0008879C97940EA01200199C88002B070470D
:106AB00083B00290019100208DF80300019840B14D
:106AC000FFE701980299C1F8B40200208DF8030095
:106AD00003E002208DF80300FFE79DF8030003B0F8
:106AE0007047000081B00090002001B070470000A6
:106AF00080B584B00390029102988088B8BBFFE70C
:106B00000298C08898BBFFE7029840887F282ED85B
:106B1000FFE70298807800F07F008DF80700039867
:106B200090F89C02032805D1FFE703980299FFF72C
:106B30006DF81BE09DF80700039981F89E02039809
:106B40009DF80710FFF7C8FE0398FFF7BDF89DF802
:106B5000070028B1FFE70399022081F89C0204E0B6
:106B60000399012081F89C02FFE7FFE704E0039806
:106B70000299FFF74BF8FFE704B080BD80B582B003
:106B800001908DF8031002208DF802000198D0F8D2
:106B9000B40270B1FFE70198D0F8B4120A689DF80A
:106BA0000310904720B9FFE700208DF80200FFE7AF
:106BB000FFE79DF8020002B080BD000080B584B000
:106BC000039002910298817840F21020C2F20000F6
:106BD00001700078022805DBFFE703980299FFF7B0
:106BE00015F885E0039890F89C020146019102286F
:106BF00004D0FFE70198032827D06BE040F2102073
:106C0000C2F200000078D8B1FFE740F21021C2F2D2
:106C100000010878039A5060039A032082F89C02CE
:106C200003980978FFF7AAFF022805D1FFE7039828
:106C30000299FEF7EBFF5BE00398FFF745F803E0EE
:106C40000398FFF741F8FFE751E040F21020C2F24D
:106C50000000007898B9FFE70399022081F89C02B0
:106C600040F21021C2F200010878039A50600398A4
:106C70000978FEF777FF0398FFF726F829E040F23E
:106C80001020C2F2000000780399496888421BD0A6
:106C9000FFE703980179FEF765FF40F21021C2F289
:106CA00000010878039A506003980978FFF766FF9F
:106CB000022805D1FFE703980299FEF7A7FF17E026
:106CC0000398FFF701F803E00398FEF7FDFFFFE7E5
:106CD000FFE70CE003980299FEF798FF039840F253
:106CE0001021C2F200010978FEF73CFFFFE7FFE741
:106CF00004B080BD80B582B00190009100984088BA
:106D0000012808D1FFE701990120C1F8A4020198E8
:106D1000FEF7DAFFFFE702B080BD000080B582B069
:106D200001900198FFF756FE002002B080BD0000E0
:106D300080B586B00590049100208DF80F0004986E
:106D4000007800F060000146029178B1FFE70298F8
:106D5000202804D0FFE7029840283ED1FFE705989D
:106D6000D0F8B4128A68049990473BE004984078C0
:106D70000146019109282AD80199DFE801F0192379
:106D8000281E280A0528140F05980499FFF798F87B
:106D900022E005980499FFF7ABFE1DE005980499E1
:106DA000FFF70CFF18E005980499FFF757F813E078
:106DB00005980499FFF708FA0EE005980499FFF783
:106DC00099FF09E005980499FEF7DCFE04E00598B8
:106DD0000499FEF71BFFFFE704E005980499FEF70E
:106DE00015FFFFE79DF80F0006B080BD80B58CB0A1
:106DF0000A90099100208DF81E00099880888DF86E
:106E00001F000998007800F060000146069180B1EB
:106E1000FFE70698202805D0FFE70698402840F0B5
:106E20007281FFE70A98D0F8B4128A6809999047EE
:106E30006EE10998007800F0600020280DD1FFE78E
:106E40000A98D0F8B4128A68099990478DF81E0004
:106E50009DF81E008DF82F005FE1099840780146EB
:106E60000591002800F09080FFE7059801284CD09C
:106E7000FFE70598032840F04081FFE70A9890F863
:106E80009C0201460491022804D0FFE704980328DD
:106E900019D034E09DF81F0078B1FFE79DF81F007E
:106EA00080280AD0FFE70A989DF81F10FFF774FDAD
:106EB0000A988021FFF770FD04E00A980999FEF70F
:106EC000A5FEFFE720E009984088A0B9FFE79DF8FC
:106ED0001F0078B1FFE79DF81F0080280AD0FFE768
:106EE0000998C08830B9FFE70A989DF81F10FFF78E
:106EF00053FDFFE7FFE70A98FEF7E6FE04E00A9875
:106F00000999FEF783FEFFE7FCE00A9890F89C02DF
:106F100001460391022804D0FFE70398032819D003
:106F20002CE09DF81F0078B1FFE79DF81F00802836
:106F30000AD0FFE70A989DF81F10FFF72DFD0A9869
:106F40008021FFF729FD04E00A980999FEF75EFE0B
:106F5000FFE718E00998408878B9FFE79DF81F001F
:106F6000400630B1FFE70A989DF81F10FFF7FCF9C3
:106F7000FFE70A98FEF7A8FEFFE704E00A980999E0
:106F8000FEF744FEFFE7BDE00A9890F89C02014638
:106F90000291022804D0FFE70298032838D0A6E027
:106FA0009DF81F0050B1FFE79DF81F00802805D015
:106FB000FFE70A980999FEF729FE9DE09DF81F005A
:106FC000000600280CD5FFE70A989DF81F1001F075
:106FD0007F0101EB810100EB8100143001900CE096
:106FE0000A989DF81F1001F07F0101EB810100EB71
:106FF000810000F5AA700190FFE7019808900899B8
:10700000002008600A9808990222FEF73FFE73E00C
:107010009DF81F000006002812D5FFE70A989DF88A
:107020001F1001F00F0101EB810100EB810080696D
:1070300028B9FFE70A980999FEF7E8FD5CE012E03D
:107040000A989DF81F1001F00F0101EB810100EB80
:107050008100D0F8580128B9FFE70A980999FEF78E
:10706000D5FD49E0FFE79DF81F00000600280CD57C
:10707000FFE70A989DF81F1001F07F0101EB8101E5
:1070800000EB8100143000900CE00A989DF81F106E
:1070900001F07F0101EB810100EB810000F5AA7096
:1070A0000090FFE7009808909DF81F0028B1FFE7C7
:1070B0009DF81F00802804D1FFE708990020086090
:1070C0000FE00A989DF81F10FFF71CFB20B1FFE7A7
:1070D00008990120086003E0089900200860FFE794
:1070E000FFE70A9808990222FEF7D0FD04E00A980B
:1070F0000999FEF78BFDFFE704E00A980999FEF76E
:1071000085FDFFE704E00A980999FEF77FFDFFE798
:107110009DF81E008DF82F00FFE79DF82F000CB0A2
:1071200080BD000080B584B00390029100208DF8EE
:1071300007000298007800F060000146009140B11D
:10714000FFE70098202804D0FFE7009840282DD1C1
:10715000FFE7039890F89C020138022820D8FFE747
:1071600002980079012815DCFFE70398D0F8B412E3
:107170008A68029990478DF807000298C08840B944
:10718000FFE79DF8070020B9FFE70398FEF79CFD95
:10719000FFE704E003980299FEF738FDFFE704E0FB
:1071A00003980299FEF732FDFFE704E00398029985
:1071B000FEF72CFDFFE7002004B080BD81B00090F9
:1071C00001B0704781B0009040F21440C2F200005C
:1071D00001B070479CB01B901A9100208DF8670099
:1071E0001B981A99097830F8210048F68F11084049
:1071F000ADF864001A98C0780146009103281AD8A7
:107200000099DFE801F00211090ABDF8640040F4BA
:107210000070ADF8640012E011E0BDF8640040F4C5
:10722000C060ADF864000AE0BDF8640040F480601E
:10723000ADF8640003E001208DF86700FFE7BDF8BA
:10724000640048F2800108431B991A9A127821F8C9
:107250002200FFE71B981A99097830F8210048F6B8
:107260008F7108401A9909780843ADF86200BDF89B
:10727000620048F2800108431B991A9A127821F89B
:107280002200FFE71A98007B002840F05981FFE7B1
:107290001A984078002878D0FFE7FFE71B981690EF
:1072A0001B98B0F8501016980844169016981A9922
:1072B000097800EB011000F5806017901A98C088DB
:1072C00020F0010017990880FFE7FFE71B981A9943
:1072D000097830F82100ADF85600BDF85600400698
:1072E000002817D5FFE7FFE71B981A99097830F8AF
:1072F000210048F68F710840ADF85400BDF85400E5
:1073000048F2C00108431B991A9A127821F822000A
:10731000FFE7FFE7FFE71A98C07801281DD0FFE7D5
:10732000FFE71B981A99097830F8210048F6BF71D9
:107330000840ADF85200BDF8520080F02000ADF8D2
:107340005200BDF8520048F2800108431B991A9A76
:10735000127821F82200FFE716E0FFE71B981A9940
:10736000097830F8210048F6BF710840ADF85000A8
:10737000BDF8500048F2800108431B991A9A127810
:1073800021F82200FFE7FFE7D9E0FFE71B98129002
:107390001B98B0F8501012980844129012981A993D
:1073A000097800EB011000F5816013901A98C088ED
:1073B00020F0010013990880FFE7FFE71B98119068
:1073C0001B98B0F8501011980844119011981A9910
:1073D000097800EB011000F20C401090FFE71099C3
:1073E00008886FF39F2008801A9800693F2818D3F7
:1073F000FFE7FFE71A98006940090F901A98007C90
:10740000C00620B9FFE70F9801380F90FFE70F9AE9
:107410001099088840EA822040F400400880FFE785
:1074200020E01A98006930B9FFE71099088840F405
:107430000040088015E0FFE71A98006940080F90A7
:107440001A98007CC00720B1FFE70F9801300F9019
:10745000FFE70F9A1099088840EA82200880FFE72A
:10746000FFE7FFE7FFE7FFE7FFE71B981A990978B7
:1074700030F82100ADF83A00BDF83A004004002889
:1074800017D5FFE7FFE71B981A99097830F8210014
:1074900048F68F710840ADF83800BDF838004CF25E
:1074A000800108431B991A9A127821F82200FFE7FD
:1074B000FFE7FFE71A98007818BBFFE7FFE71B9884
:1074C0001A99097830F821004BF68F710840ADF811
:1074D0003600BDF8360080F48050ADF83600BDF8B7
:1074E000360080F40050ADF83600BDF8360048F2A2
:1074F000800108431B991A9A127821F82200FFE7AD
:107500001CE0FFE71B981A99097830F821004BF628
:107510008F710840ADF83400BDF8340080F400509D
:10752000ADF83400BDF8340048F2800108431B99DF
:107530001A9A127821F82200FFE7FFE7FFE790E1AF
:107540001A98C078022817D1FFE7FFE71B981A990D
:10755000097830F8210048F68F710840ADF8320004
:10756000BDF8320048F2801108431B991A9A12782C
:1075700021F82200FFE716E0FFE71B981A99097827
:1075800030F8210048F68F610840ADF83000BDF8B2
:10759000300048F2800108431B991A9A127821F8AA
:1075A0002200FFE7FFE7FFE7FFE7FFE71B980A90EE
:1075B0001B98B0F850100A9808440A900A981A9933
:1075C000097800EB011000F580600B901A98008993
:1075D00020F001000B990880FFE7FFE7FFE7FFE7D6
:1075E0001B9808901B98B0F8501008980844089011
:1075F00008981A99097800EB011000F5816009904C
:107600001A98408920F0010009990880FFE7FFE7F8
:10761000FFE71A984078002840F08680FFE7FFE7F0
:107620001B981A99097830F82100ADF81E00BDF8B2
:107630001E004004002817D5FFE7FFE71B981A99A2
:10764000097830F8210048F68F710840ADF81C0029
:10765000BDF81C004CF2800108431B991A9A12785D
:1076600021F82200FFE7FFE7FFE7FFE71B981A99E1
:10767000097830F82100ADF81A00BDF81A0040066C
:10768000002817D5FFE7FFE71B981A99097830F80B
:10769000210048F68F710840ADF81800BDF81800B9
:1076A00048F2C00108431B991A9A127821F8220067
:1076B000FFE7FFE7FFE7FFE71B981A99097830F823
:1076C00021004BF68F710840ADF81600BDF816008A
:1076D00080F48050ADF81600BDF8160080F400501C
:1076E000ADF81600BDF8160048F2800108431B995A
:1076F0001A9A127821F82200FFE7FFE71B981A99DF
:10770000097830F8210048F6BF710840ADF8140040
:10771000BDF8140048F2800108431B991A9A1278A8
:1077200021F82200FFE79BE0FFE71B981A990978F0
:1077300030F82100ADF81200BDF812004004002816
:1077400017D5FFE7FFE71B981A99097830F8210051
:1077500048F68F710840ADF81000BDF810004CF2EB
:10776000800108431B991A9A127821F82200FFE73A
:10777000FFE7FFE7FFE71B981A99097830F8210027
:10778000ADF80E00BDF80E004006002817D5FFE743
:10779000FFE71B981A99097830F8210048F68F7195
:1077A0000840ADF80C00BDF80C0048F2C0010843D9
:1077B0001B991A9A127821F82200FFE7FFE7FFE7EA
:1077C0001A98C07801281DD0FFE7FFE71B981A9987
:1077D000097830F8210048F6BF710840ADF80A007A
:1077E000BDF80A0080F02000ADF80A00BDF80A00DC
:1077F00048F2800108431B991A9A127821F8220056
:10780000FFE716E0FFE71B981A99097830F8210086
:1078100048F6BF710840ADF80800BDF8080048F20E
:10782000800108431B991A9A127821F82200FFE779
:10783000FFE7FFE71B981A99097830F821004BF60B
:107840008F710840ADF80600BDF8060048F28001CF
:1078500008431B991A9A127821F82200FFE7FFE7E4
:10786000FFE79DF867001CB07047000087B00393E6
:10787000029201919DF80C108DF818100199029A4E
:10788000059204910090002007B070478CB00B90D7
:107890000A910A98007B002840F08080FFE70A9850
:1078A0004078E8B3FFE7FFE70B980A99097830F8CA
:1078B0002100ADF82600BDF826004006002817D5A7
:1078C000FFE7FFE70B980A99097830F8210048F69E
:1078D0008F710840ADF82400BDF8240048F2C001C3
:1078E00008430B990A9A127821F82200FFE7FFE774
:1078F000FFE7FFE70B980A99097830F8210048F66E
:10790000BF710840ADF82200BDF8220048F28001A6
:1079100008430B990A9A127821F82200FFE73CE00D
:10792000FFE70B980A99097830F82100ADF820009C
:10793000BDF820004004002817D5FFE7FFE70B98AB
:107940000A99097830F8210048F68F710840ADF89F
:107950001E00BDF81E004CF2800108430B990A9AE4
:10796000127821F82200FFE7FFE7FFE7FFE70B9817
:107970000A99097830F821004BF68F710840ADF86C
:107980001C00BDF81C0048F2800108430B990A9ABC
:10799000127821F82200FFE7FFE724E10A984078F7
:1079A000002840F09080FFE7FFE70B980A990978DC
:1079B00030F82100ADF81A00BDF81A004004002884
:1079C00017D5FFE7FFE70B980A99097830F82100EF
:1079D00048F68F710840ADF81800BDF818004CF259
:1079E000800108430B990A9A127821F82200FFE7D8
:1079F000FFE7FFE7FFE70B980A99097830F82100C5
:107A0000ADF81600BDF816004006002817D5FFE7B0
:107A1000FFE70B980A99097830F8210048F68F7132
:107A20000840ADF81400BDF8140048F2C001084346
:107A30000B990A9A127821F82200FFE7FFE7FFE787
:107A4000FFE70B980A99097830F8210048F68F7102
:107A50000840ADF81200BDF8120048F2C00108431A
:107A60000B990A9A127821F82200FFE7FFE70B989A
:107A70000A99097830F821004BF68F710840ADF86B
:107A80001000BDF8100048F2800108430B990A9AD3
:107A9000127821F82200FFE7FFE70B980A9909788E
:107AA00030F8210048F6BF710840ADF80E00BDF86F
:107AB0000E0048F2800108430B990A9A127821F8C7
:107AC0002200FFE78EE0FFE70B980A99097830F86B
:107AD0002100ADF80C00BDF80C004004002817D5BB
:107AE000FFE7FFE70B980A99097830F8210048F67C
:107AF0008F710840ADF80A00BDF80A004CF2800111
:107B000008430B990A9A127821F82200FFE7FFE751
:107B1000FFE7FFE70B980A99097830F82100ADF8E4
:107B20000800BDF808004006002817D5FFE7FFE76A
:107B30000B980A99097830F8210048F68F710840AF
:107B4000ADF80600BDF8060048F2C00108430B99E5
:107B50000A9A127821F82200FFE7FFE7FFE7FFE724
:107B60000B980A99097830F8210048F68F7108407F
:107B7000ADF80400BDF804004CF2800108430B99F5
:107B80000A9A127821F82200FFE7FFE70B980A997A
:107B9000097830F8210048F6BF710840ADF80200BE
:107BA000BDF8020048F2800108430B990A9A127846
:107BB00021F82200FFE7FFE70B980A99097830F8CF
:107BC00021004BF68F710840ADF80000BDF80000B1
:107BD00048F2800108430B990A9A127821F8220092
:107BE000FFE7FFE7FFE700200CB0704781B000908F
:107BF000002001B07047000081B00090002001B06B
:107C00007047000087B00393029201919DF80C1019
:107C10008DF818100199029A05920491009000992C
:107C20000120A1F8400000990020A1F8400000992F
:107C3000A1F844000099A1F8500007B07047000077
:107C400082B001904FF43F400090009A0199B1F842
:107C500040009043A1F84000002002B070470000AF
:107C600082B001900091002002B0704785B004906E
:107C700003910398007B002840F09980FFE7039868
:107C80004078002849D0FFE7FFE704980399097876
:107C900030F82100ADF80A00BDF80A0040060028BF
:107CA00017D5FFE7FFE704980399097830F821001A
:107CB00048F68F710840ADF80800BDF8080048F29A
:107CC000C00108430499039A127821F82200FFE7C3
:107CD000FFE7FFE70398C07801281DD0FFE7FFE723
:107CE00004980399097830F8210048F6BF710840DC
:107CF000ADF80600BDF8060080F02000ADF80600E3
:107D0000BDF8060048F2800108430499039A1278EE
:107D100021F82200FFE7FFE748E0FFE70498039916
:107D2000097830F82100ADF80400BDF804004004E3
:107D3000002817D5FFE7FFE704980399097830F882
:107D4000210048F68F710840ADF80200BDF802002E
:107D50004CF2800108430499039A127821F822001A
:107D6000FFE7FFE7FFE7FFE704980399097830F89A
:107D700021004BF68F710840ADF80000BDF80000FF
:107D800080F48050ADF80000BDF8000080F4005091
:107D9000ADF80000BDF8000048F2800108430499E6
:107DA000039A127821F82200FFE7FFE7FFE700209F
:107DB00005B0704783B00290019101984078E8B116
:107DC000FFE7FFE702980199097830F8210048F6AB
:107DD000BF710840ADF80200BDF8020080F010004D
:107DE000ADF80200BDF8020048F280010843029994
:107DF000019A127821F82200FFE71CE0FFE70298C1
:107E00000199097830F821004BF68F710840ADF8E0
:107E10000000BDF8000080F48050ADF80000BDF80F
:107E2000000048F2800108430299019A127821F873
:107E30002200FFE7FFE7002003B0704780B5C4B021
:107E40004290419141984078012840F01B84FFE71F
:107E5000419801698069884204D9FFE74198006927
:107E6000409003E0419880694090FFE74198007B93
:107E7000F0B9FFE74298419A5169D288BDF80031C4
:107E800000F068FFFFE742983E904298B0F850102B
:107E90003E9808443E903E984199097800EB0110C5
:107EA00000F204403D9040983D990880FFE7C6E30A
:107EB0004198C078022840F0A982FFE74198016903
:107EC000006A884240F26582FFE7FFE742984199E5
:107ED000097830F8210048F68F710840ADF8F200BB
:107EE000BDF8F20048F2801108434299419A127895
:107EF00021F82200FFE7409A4199086A801A086237
:107F000042984199097830F821004006002840F154
:107F10002081FFE7FFE742983B9041984078002896
:107F200054D1FFE7FFE7429839904298B0F85010DB
:107F300039980844399039984199097800EB011033
:107F400000F20C403890FFE7389908886FF39F20C3
:107F5000088040983F2817D3FFE7FFE74098400983
:107F600037909DF80001C00620B9FFE73798013827
:107F70003790FFE7379A3899088840EA822040F422
:107F800000400880FFE71EE0409830B9FFE73899CD
:107F9000088840F40040088014E0FFE7409840085B
:107FA00037909DF80001C00720B1FFE737980130F6
:107FB0003790FFE7379A3899088840EA822008808E
:107FC000FFE7FFE7FFE7FFE7FFE717E041984078AB
:107FD000012812D1FFE74298B0F850103B980844AE
:107FE0003B903B984199097800EB011000F20C405E
:107FF0003A9040983A990880FFE7FFE7FFE74198F9
:108000004089ADF8FE00429841994969BDF8FE20CB
:10801000BDF8003100F09EFE409A41994869104435
:10802000486141980169006A884206D9FFE7409A91
:108030004199086A801A086206E04198006A4090F7
:10804000419900200862FFE7FFE741984078002847
:1080500054D1FFE7FFE7429836904298B0F85010AD
:1080600036980844369036984199097800EB01100B
:1080700000F204403590FFE7359908886FF39F20A0
:10808000088040983F2817D3FFE7FFE74098400952
:1080900034909DF80001C00620B9FFE734980138FC
:1080A0003490FFE7349A3599088840EA822040F4FA
:1080B00000400880FFE71EE0409830B9FFE735999F
:1080C000088840F40040088014E0FFE7409840082A
:1080D00034909DF80001C00720B1FFE734980130CB
:1080E0003490FFE7349A3599088840EA8220088066
:1080F000FFE7FFE7FFE7FFE7FFE71BE04198407876
:10810000012816D1FFE7FFE7429833904298B0F874
:10811000501033980844339033984199097800EB14
:10812000011000F204403290409832990880FFE735
:10813000FFE7FFE7FFE741980089ADF8FE004298AE
:1081400041994969BDF8FE20BDF8003100F002FEFA
:108150001EE1FFE741984078002854D1FFE7FFE790
:10816000429831904298B0F85010319808443190BC
:1081700031984199097800EB011000F204403090E9
:10818000FFE7309908886FF39F20088040983F28C8
:1081900017D3FFE7FFE7409840092F909DF80001B3
:1081A000C00620B9FFE72F9801382F90FFE72F9ADC
:1081B0003099088840EA822040F400400880FFE7B8
:1081C0001EE0409830B9FFE73099088840F400403D
:1081D000088014E0FFE7409840082F909DF80001C8
:1081E000C00720B1FFE72F9801302F90FFE72F9AAB
:1081F0003099088840EA82200880FFE7FFE7FFE720
:10820000FFE7FFE71BE041984078012816D1FFE720
:10821000FFE742982E904298B0F850102E980844EC
:108220002E902E984199097800EB011000F204403D
:108230002D9040982D990880FFE7FFE7FFE7FFE7C3
:1082400041980089ADF8FE00429841994969BDF80E
:10825000FE20BDF8003100F07DFD409A419948694B
:108260001044486141980169006A884206D9FFE7D5
:10827000409A4199086A801A086206E04198006AAB
:108280004090419900200862FFE7FFE742982C9058
:1082900041984078002854D1FFE7FFE742982A90A0
:1082A0004298B0F850102A9808442A902A98419988
:1082B000097800EB011000F20C402990FFE72999A2
:1082C00008886FF39F20088040983F2817D3FFE766
:1082D000FFE74098400928909DF80001C00620B9AA
:1082E000FFE7289801382890FFE7289A29990888FD
:1082F00040EA822040F400400880FFE71EE04098FA
:1083000030B9FFE72999088840F40040088014E05C
:10831000FFE74098400828909DF80001C00720B171
:10832000FFE7289801302890FFE7289A29990888C4
:1083300040EA82200880FFE7FFE7FFE7FFE7FFE76B
:1083400017E041984078012812D1FFE74298B0F831
:1083500050102C9808442C902C984199097800EBE7
:10836000011000F20C402B9040982B990880FFE7F9
:10837000FFE7FFE741984089ADF8FE004298419938
:108380004969BDF8FE20BDF8003100F0E3FCFFE7CD
:108390003BE04198006A4090FFE742984199097894
:1083A00030F8210048F68F610840ADF89E00BDF816
:1083B0009E0048F2800108434299419A127821F8C0
:1083C0002200FFE7FFE7429826904298B0F850104D
:1083D00026980844269026984199097800EB0110C8
:1083E00000F204402590409825990880FFE74198C5
:1083F0000089ADF8FE00429841994969BDF8FE2018
:10840000BDF8003100F0A6FCFFE717E1409A419962
:10841000086A801A086242984199097830F8210068
:108420004006002840F18480FFE7FFE7429824904F
:1084300041984078002854D1FFE7FFE74298229006
:108440004298B0F8501022980844229022984199FE
:10845000097800EB011000F20C402190FFE7219910
:1084600008886FF39F20088040983F2817D3FFE7C4
:10847000FFE74098400920909DF80001C00620B910
:10848000FFE7209801382090FFE7209A219908887B
:1084900040EA822040F400400880FFE71EE0409858
:1084A00030B9FFE72199088840F40040088014E0C3
:1084B000FFE74098400820909DF80001C00720B1D8
:1084C000FFE7209801302090FFE7209A2199088843
:1084D00040EA82200880FFE7FFE7FFE7FFE7FFE7CA
:1084E00017E041984078012812D1FFE74298B0F890
:1084F000501024980844249024984199097800EB5E
:10850000011000F20C402390409823990880FFE767
:10851000FFE7FFE741984089ADF8FE004298419996
:108520004969BDF8FE20BDF8003100F013FC84E07D
:10853000FFE741984078002854D1FFE7FFE74298D1
:108540001F904298B0F850101F9808441F901F9831
:108550004199097800EB011000F204401E90FFE7FA
:108560001E9908886FF39F20088040983F2817D3F2
:10857000FFE7FFE7409840091D909DF80001C00605
:1085800020B9FFE71D9801381D90FFE71D9A1E993D
:10859000088840EA822040F400400880FFE71EE09F
:1085A000409830B9FFE71E99088840F400400880E1
:1085B00014E0FFE7409840081D909DF80001C007B7
:1085C00020B1FFE71D9801301D90FFE71D9A1E990D
:1085D000088840EA82200880FFE7FFE7FFE7FFE71F
:1085E000FFE71BE041984078012816D1FFE7FFE73D
:1085F00042981C904298B0F850101C9808441C9067
:108600001C984199097800EB011000F204401B907E
:1086100040981B990880FFE7FFE7FFE7FFE74198D5
:108620000089ADF8FE00429841994969BDF8FE20E5
:10863000BDF8003100F08EFBFFE7FFE7FFE7FFE743
:1086400042984199097830F8210048F6BF710840F6
:10865000ADF86A00BDF86A0080F01000ADF86A005D
:10866000BDF86A0080F02000ADF86A00BDF86A002D
:1086700048F2800108434299419A127821F8220079
:10868000FFE7DEE24198007B00286AD1FFE74198CE
:1086900001698069884209D9FFE7419800694090E3
:1086A000409A41998869801A886106E041988069FA
:1086B0004090419900208861FFE7FFE742981990B8
:1086C0004298B0F850101998084419901998419997
:1086D000097800EB011000F20C401890FFE71899A0
:1086E00008886FF39F20088040983F2817D3FFE742
:1086F000FFE74098400917909DF80001C00620B997
:10870000FFE7179801381790FFE7179A189908881C
:1087100040EA822040F400400880FFE71EE04098D5
:1087200030B9FFE71899088840F40040088014E049
:10873000FFE74098400817909DF80001C00720B15E
:10874000FFE7179801301790FFE7179A18990888E4
:1087500040EA82200880FFE7FFE7FFE7FFE7FFE747
:108760004CE24198C078022840F03781FFE7FFE7EC
:10877000FFE741984078002858D1FFE7FFE742988B
:1087800016904298B0F85010169808441690169813
:108790004199097800EB011000F204401590FFE7C1
:1087A000159908886FF39F200880419800693F2839
:1087B00018D3FFE7FFE741980069400914904198FA
:1087C000007CC00620B9FFE7149801381490FFE739
:1087D000149A1599088840EA822040F400400880E5
:1087E000FFE720E04198006930B9FFE71599088854
:1087F00040F40040088015E0FFE741980069400818
:1088000014904198007CC00720B1FFE71498013014
:108810001490FFE7149A1599088840EA822008808E
:10882000FFE7FFE7FFE7FFE7FFE71CE0419840783D
:10883000012817D1FFE7FFE7429813904298B0F85C
:10884000501013980844139013984199097800EB3D
:10885000011000F2044012904198006912990880BA
:10886000FFE7FFE7FFE7FFE7FFE742981190419836
:108870004078002858D1FFE7FFE742980F904298D0
:10888000B0F850100F9808440F900F98419909784C
:1088900000EB011000F20C400E90FFE70E990888E3
:1088A0006FF39F200880419800693F2818D3FFE7A5
:1088B000FFE74198006940090D904198007CC0068F
:1088C00020B9FFE70D9801380D90FFE70D9A0E993A
:1088D000088840EA822040F400400880FFE720E05A
:1088E0004198006930B9FFE70E99088840F40040CC
:1088F000088015E0FFE74198006940080D90419815
:10890000007CC00720B1FFE70D9801300D90FFE714
:108910000D9A0E99088840EA82200880FFE7FFE759
:10892000FFE7FFE7FFE718E041984078012813D1FF
:10893000FFE74298B0F85010119808441190119830
:108940004199097800EB011000F20C401090419819
:10895000006910990880FFE7FFE7FFE7FFE741980C
:10896000C069C8B3FFE742984199097830F82100FF
:10897000ADF8FC00BDF8FC004004002806D5FFE778
:10898000BDF8FC00400600280CD4FFE7BDF8FC0051
:10899000400400281FD4FFE7BDF8FC004006002873
:1089A00019D4FFE7FFE7FFE742984199097830F8CB
:1089B000210048F68F710840ADF83200BDF8320052
:1089C00048F2C00108434299419A127821F82200E6
:1089D000FFE7FFE7FFE7FFE70FE14198C0780128D5
:1089E00040F00681FFE7419801698069884209D912
:1089F000FFE7419800694090409A41998869801A40
:108A0000886106E041988069409041990020886122
:108A1000FFE7FFE7FFE741984078002854D1FFE7E0
:108A2000FFE742980B904298B0F850100B9808441A
:108A30000B900B984199097800EB011000F204406B
:108A40000A90FFE70A9908886FF39F2008804098F2
:108A50003F2817D3FFE7FFE74098400909909DF8AA
:108A60000001C00620B9FFE7099801380990FFE727
:108A7000099A0A99088840EA822040F40040088058
:108A8000FFE71EE0409830B9FFE70A99088840F4F4
:108A90000040088014E0FFE74098400809909DF8E6
:108AA0000001C00720B1FFE7099801300990FFE7F6
:108AB000099A0A99088840EA82200880FFE7FFE7C0
:108AC000FFE7FFE7FFE71BE041984078012816D158
:108AD000FFE7FFE7429808904298B0F850100898D6
:108AE0000844089008984199097800EB011000F2B9
:108AF00004400790409807990880FFE7FFE7FFE7E9
:108B0000FFE7FFE74298069041984078002854D14B
:108B1000FFE7FFE7429804904298B0F8501004989D
:108B20000844049004984199097800EB011000F280
:108B30000C400390FFE7039908886FF39F2008809B
:108B400040983F2817D3FFE7FFE74098400902907D
:108B50009DF80001C00620B9FFE702980138029095
:108B6000FFE7029A0399088840EA822040F4004017
:108B70000880FFE71EE0409830B9FFE703990888B6
:108B800040F40040088014E0FFE74098400802905D
:108B90009DF80001C00720B1FFE702980130029064
:108BA000FFE7029A0399088840EA82200880FFE7DD
:108BB000FFE7FFE7FFE7FFE717E04198407801286C
:108BC00012D1FFE74298B0F850100698084406907A
:108BD00006984199097800EB011000F20C400590CD
:108BE000409805990880FFE7FFE7FFE7FFE703E00C
:108BF00001208DF80F0128E0FFE7FFE7FFE742982B
:108C00004199097830F821004BF68F710840ADF892
:108C10000600BDF8060080F48050ADF80600BDF8EF
:108C2000060080F40050ADF80600BDF8060048F2DA
:108C3000800108434299419A127821F82200FFE707
:108C4000FFE700208DF80F01FFE79DF80F0144B00A
:108C500080BD000082B0019001990020A1F844007D
:108C60004FF43F4100910099019AA2F8401002B0E0
:108C70007047000080B541F24010C2F20000F9F7E1
:108C80001BFB80BD82B001900198B0F844000090B9
:108C9000009802B07047000089B008900791ADF8C5
:108CA0001A20ADF81830BDF8180040080590089853
:108CB0000490079800900498BDF81A1000EB41004A
:108CC00000F58060019005980390FFE70398D8B104
:108CD000FFE7019800880290019802300190029805
:108CE000009908700098013000900298000A0099DD
:108CF0000870009801300090019802300190FFE761
:108D0000039801380390E1E79DF81800C00738B1D7
:108D1000FFE7019800880290029800990870FFE729
:108D200009B0704782B001908DF80310002002B0A6
:108D30007047000082B001908DF803109DF8030089
:108D400028B9FFE701998020A1F84C00FFE7002037
:108D500002B0704789B008900791ADF81A20ADF8BD
:108D60001830BDF8180001304008059008980490AC
:108D7000079800900498BDF81A1000EB410000F528
:108D80008060019005980390FFE7039808B3FFE720
:108D900000980078ADF80A0000984178BDF80A0004
:108DA00040EA0120ADF80A00BDF80A0001990880E8
:108DB0000198023001900198023001900098013032
:108DC0000090009801300090FFE70398013803906D
:108DD000DBE709B070470000FFE7FEE781B08DF8E0
:108DE00003009DF9030000280ED4FFE79DF903104E
:108DF00001F01F02012090404A094EF20011CEF20C
:108E0000000141F82200FFE701B070474EF60C5018
:108E1000CEF200000068C0F30220704782B08DF8E7
:108E2000070000919DF9070000280AD4FFE7009889
:108E300000019DF907104EF20042CEF20002885464
:108E40000BE0009800019DF8071001F00F014EF6AD
:108E50001452CEF200028854FFE702B070470000BF
:108E600083B00290029800F0070000904EF60C517B
:108E7000CEF200010868019001984FF6FF02104001
:108E800001900198009A40EA02200022C0F2FA52B2
:108E9000104301900198086003B0704784B00390BC
:108EA000029100208DF807000090FFE700980299DA
:108EB00088420DDAFFE703980099415C9DF80700AE
:108EC00008448DF80700FFE7009801300090EDE7B7
:108ED0009DF8070004B0704782B001900198C0EB84
:108EE000001040008DF80300FFE79DF803000138F3
:108EF0008DF80300000608B1FFE7F6E702B07047FF
:108F000085B004900391029200200190FFE7019840
:108F10000299884224D2FFE70498019950F8210071
:108F2000009000980399019A01F822000098000A25
:108F30000399019A01EB82014870BDF80200039980
:108F4000019A01EB820188709DF803000399019A50
:108F500001EB8201C870FFE7019801300190D6E76C
:108F600005B0704780B582B000200190F8F7DAF9BB
:108F7000FBF752FFFBF7BEF9FBF7A0F9FBF782FA0C
:108F8000FBF7A0FAFBF73AFAF7F7B8F941F2184005
:108F9000C2F20000FAF736FBFFE7FEE721F00042DD
:108FA00001F00043A2F16052B2F5801F28BFD2F158
:108FB0007F6C0BD95FEA001C43EAC20242EB50709F
:108FC00018BF704728BF20F001007047B2F5801F1E
:108FD000BCBF184670474FEA410C1CF5001F02D277
:108FE000084600F002BB70B500F0B2F8000000893E
:108FF000FFF7F6BF4FF00040A0F58000704700007B
:1090000010B591EA030F48BF83F0004300F1FC80E4
:10901000841A71EB030C05D2121943EB0C03001BED
:1090200061EB0C014FEA1154A4EB135CDFF81CE177
:109030001EEA430F18BF9EEA445F00F0748021EAE5
:10904000045123EA0E0343F48013DCF1200E32D3E3
:1090500022FA0CFE10EB0E0023FA0CFE41EB0E017F
:10906000CCF1200E03FA0EFE10EB0E00CCF1200E18
:1090700051F10001B1F5801F32D201EB045112FA17
:109080000EF2BDE8104058BF7047401C38BF5FEA81
:10909000420218BF7047002814BF20F0010041F1C0
:1090A00000014FEA410313F5001F38BF7047A1F1DB
:1090B000C04100F09BB8012A43EB0302ACF1200C45
:1090C000DCF11F0E32BF4FF0000E23FA0CF310EB51
:1090D000030041EB0451B4EB115FD0D0A1EB04517C
:1090E00001F58011490801EB04515FEA30000ED30D
:1090F00050F1000038BF12FA0EFE08D1BDE8104052
:10910000C9E7401C38BF5FEA4202CAD1C3E7BDE8E5
:1091100010404FEA410313F5001F38BF7047A1F11B
:10912000C04100F063B89EEA445F08D011EA5E0FC8
:10913000BDE8104004BF01F0004100207047BDE8C9
:10914000104070B500F004F864FBBE3E0000E0FF84
:109150000EF1020E2EF0030E5EF8046B364205D4BB
:10916000012A43EB030515F5001F12D8012841EB36
:10917000010C1CF5001F0CD80ED14FEAD17C0CEB72
:109180004C0C0CF1020C15F5001F08BF4CEBD37C06
:1091900004E04FF0080C01E04FEAD37C0CEB4C05E7
:1091A00026FA05F606F00706B6F1040C06D20EEB19
:1091B000860CBDE870404CF0010C6047DFE80CF015
:1091C000090B02024FF00041A1F500214FF0000011
:1091D00070BD19461046012851EB010418BFD4F5A3
:1091E000001484BF002001F0004170BD0808A0F504
:1091F00000114FEA3101704710B591EA030F48BFE3
:1092000083F000433FF504AF841A71EB030C07D2DF
:109210008CF0004C121943EB0C03001B61EB0C01AA
:109220004FEA1154A4EB135CDFF8A4E11EEA430FEC
:1092300018BF9EEA445F00F0B48021EA045123EA9B
:109240006E035242C3EB6E0338BF5B1EDCF1200E8F
:1092500025D322FA0CFE10EB0E0043FA0CFE41EB74
:109260000E01CCF1200E03FA0EFE10EB0E00CCF135
:10927000200E51F1000129D401EB045112FA0EF233
:10928000BDE8104058BF7047401C1CBFB2F1004FF2
:10929000704700280CBF491C20F00100704712EBFA
:1092A000020E43EB030218BF4FF0010E4EEA4202DA
:1092B000ACF1200CDCF11E0E56D943FA0CFE10EB7B
:1092C0000E00CCF11E0E51F1FF31D5D50EF1010E7D
:1092D00012FA0EFE404141EB010101EB445C5FEAF2
:1092E0005C5C10D901EB045110EBDE7038BFBEF1AD
:1092F000004FBDE8104018BF704700280CBF491C44
:1093000020F00100704734D24FEAD42C24F40064DA
:1093100011F500111BD0B1FA81F20B3AA41AA41E68
:10932000D2F12003914030FA03F31943904001EB4E
:10933000CC7101EB0451002CBDE81040A8BF704770
:1093400001F1C04101F000414FF000007047B0FA58
:1093500080F310FA03F102D1BDE810407047E41A1F
:10936000173C4805C90AE2E701EB0451BDE810408B
:10937000704749104FEA300001EB0451BDE810403E
:1093800002E04FF0000170474A0008BF0042F8D0E9
:10939000B2F5001F28BF704701F000414FF00000F8
:1093A00070479EEA445F07D011EA5E0FBDE81040A7
:1093B00004BF002100207047BDE8104070B5FFF7E2
:1093C000C7FE00BF40DFF63E104683F00041704705
:1093D0000000E0FF43004FEAD30C4FEA3C0C43404F
:1093E0001FBF40070CF1605113F0FE4F70471CF097
:1093F000006F03D10CF00041002070470CF00043D7
:1094000043EA507040EACC0010B500F0A8F800BF65
:10941000000000924FEA0001FFF7E8BE4FF0004164
:10942000A1F500214FF000007047000010F000414E
:1094300048BF4042B0FA80F310FA03F2C3F19D0333
:109440000BD051EAC35101EB1220530638BF7047CD
:1094500000F1010008BF20F0010070474FF47F0CBD
:109460001CEAD0121EBF1CEAD11392EA0C0F93EA39
:109470000C0F00F0478090EA010F48BF42F4807261
:109480004FF0004C4CEA00204CEA012102EB0302B1
:10949000A0FB0113A2F50002002918BF43F001034D
:1094A0005B0028BF4FEA330342EB22425FEA132CF2
:1094B0004CEBC2502EBFBCEB436FB2F57C0F704734
:1094C0004FEA036CBCF1004F08BF20F00100B2F579
:1094D0007C0F38BF70470BD582F0FF0212F5803F3A
:1094E000C8BF704700F1C040D8BF00F000407047CF
:1094F00000F5000C5FEA4C0C48BF7047B0F1C0406B
:1095000000F073B80CEAD11390EA010F48BF42F49F
:109510008072624538BF634504D280EA010000F0E2
:109520000040704710B500F01AF800BF8900013EF6
:1095300000F007B800F009B85FEA410C5FEA1C6C64
:1095400008D080EA010000F050B85FEA400C5FEA02
:109550001C6CF6D14FF00040A0F5800070470EF172
:10956000020E2EF0030E5EF8044B244204D44FEAA0
:109570004102B2F17F4F11D84FEA4003B3F17F4F60
:109580000CD80ED14FEAD07C0CEB4C0C0CF1020C39
:10959000B2F17F4F08BF4CEBD17C04E04FF0080CD8
:1095A00001E04FEAD17C0CEB4C0324FA03F404F005
:1095B0000704B4F1040C06D20EEB840CBDE8104095
:1095C0004CF0010C6047DFE80CF0070802024FF096
:1095D0000040A0F5800010BD0846420018BFD2F13F
:1095E000807288BF00F0004010BDFF2141EAD050DA
:1095F000C0057047000000000000000001020304E5
:109600000607080900000000010203040203040524
:10961000060708090A0B0C0D0E0F10100102434437
:109620004320496E7465726661636500434443205C
:10963000436F6E6669670053544D6963726F656C62
:10964000656374726F6E6963730053544D333220D7
:109650005669727475616C20436F6D506F7274003F
:109660008096000800000020A001000050010008C2
:1096700048970008A001002058230000B00100080E
:10968000133D5D1B08A9041AC5041AED041B3D5EB9
:1096900008125C1B08590C1113127A13CD571408C9
:1096A000B5561C089D5910311A251013BD551B08BD
:1096B0005D14C11A9D182A852C19041A6D04140909
:1096C000024313020125C03209041B01020B1305DA
:1096D00024161001052401100901042402020524A6
:1096E0000617010705820308151009040133020A51
:1096F0002E0705010240072A810711093744113A54
:1097000002441907112B0A0606112B4001502A07A3
:10971000500A3B04941A12171302021E408304409D
:10972000574D1B0203591B0D06F0190413AD051B01
:109730000841080718040309041A030F1A20553FAB
:08974000572B3F0429AC721005
:04000005080000ED02
:00000001FF
